amusement,http://farm4.staticflickr.com/3802/9566768469_8664bc574c_z.jpg,0,5,Electric Palm at Panama City Beach Amusement Park on Thomas Drive
amusement,http://farm4.staticflickr.com/3736/9929371604_1a2c24bf54_z.jpg,2,3,Hook a duck #night #pier #amusements #photography #photooftheday #picoftheday #lights #random Uploaded from Streamzoo
amusement,http://farm6.staticflickr.com/5336/9472957715_2d20ffa62c_z.jpg,1,4,"Abandoned amusement park Berlin, Spreepark. June 2013"
amusement,http://farm9.staticflickr.com/8183/8095358518_be4ae9de86_z.jpg,0,5,"Day of Fun at CNE The annual festival that comes to Toronto for two weeks out of every year brought with it lots of lights, fun, rides, games, and food. I took some time this year to explore the park and take in all the colorful sights and sounds. Here are a collection of some of my favourite photos from the day!"
amusement,http://farm6.staticflickr.com/5494/10841361643_7348ee3dd8_z.jpg,1,4,Atlanta Fair 2013 Atlanta Fair 2013
amusement,http://farm4.staticflickr.com/3820/10398653436_5e1566f186_z.jpg,2,3,"Pumpkin carving, Sally & Jack Skellington Explore OrionSEH's photos on Flickr. OrionSEH has uploaded 15184 photos to Flickr."
amusement,http://farm9.staticflickr.com/8483/8258845697_ac77f9f65c_z.jpg,2,3,IMG_6175 (Large) Explore Coney Island Photo Diary's photos on Flickr. Coney Island Photo Diary has uploaded 9540 photos to Flickr.
amusement,http://farm8.staticflickr.com/7299/8734264735_99189c01c2_z.jpg,0,5,"kcc2 Patriotic Amusement Ride ( Nashville... #kcc2 Patriotic Amusement Ride ( Nashville filter, Pro HD)  2 Likes on Instagram  "
amusement,http://farm9.staticflickr.com/8003/7007116186_08678216a3_z.jpg,2,3,"""aaaaaand, they're off!"" I took this in an amusement arcade, on the pier, in St. Annes. I really rather like these games. So much more basic than modern video games but oh so much more jolly in my view"
amusement,http://farm8.staticflickr.com/7205/6948126799_c6a6bbbbd7_z.jpg,2,3,Tea Cups Model by Markku Jskelinen. See more LEGO amusement rides at www.l-rides.tk
amusement,http://farm8.staticflickr.com/7113/7862910412_8ca05bd708_z.jpg,1,4,"P1040655 Crazy amusement park complex, Second Station Explore mandarinseasons' photos on Flickr. mandarinseasons has uploaded 1535 photos to Flickr."
amusement,http://farm9.staticflickr.com/8258/8633554667_3fe932d594_z.jpg,2,3,DSC_4263 Explore howard.latham@btinternet.com's photos on Flickr. howard.latham@btinternet.com has uploaded 2900 photos to Flickr.
amusement,http://farm9.staticflickr.com/8386/8676935972_c7c4a5b9b9_z.jpg,2,3,"Big Thunder Mountain Railroad This was taken while I was riding the Liberty Belle Riverboat for the very first time. I was hoping to get some good shots of the Big Thunder Mountain Railroad train but, as luck would have it, the attraction was down as I was riding past on the riverboat.  I enjoyed riding the Liberty Belle a lot more than I thought I would and I was able to get a lot of nice shots. I'd really like to try this attraction again and try to get a good shot of the train zooming down the tracks. "
amusement,http://farm3.staticflickr.com/2810/9094297628_0035a00aa3_z.jpg,2,3,Kings Dominion 2012 Photos from my trip to Kings Dominion
amusement,http://farm4.staticflickr.com/3834/9706406337_9ae766f31a_z.jpg,1,4,Scuola di Polizia           
amusement,http://farm9.staticflickr.com/8161/7473040804_420a86ba9c_z.jpg,1,4,DSC_2674 Explore johnjmurphyiii's photos on Flickr. johnjmurphyiii has uploaded 189181 photos to Flickr.
amusement,http://farm9.staticflickr.com/8180/7927529936_34b767a748_z.jpg,1,4,Brendan and Sean at Cliffs 3 Brendan and Sean on the train at Cliffs
amusement,http://farm9.staticflickr.com/8546/8695626893_52a06b490e_z.jpg,1,4,DSC_6967 Explore RichardPhoto2013's photos on Flickr. RichardPhoto2013 has uploaded 134 photos to Flickr.
amusement,http://farm6.staticflickr.com/5528/9326543230_50c179bb5e_z.jpg,0,5,"Lunar New Year 2013 - Monterey Park   Monterey Park's Lunar New Year festival features vendors offering unique gifts and specialty items, food booths with various types of delectable items, amusement rides, and lots of live entertainment. The traditional  New Year lion and dragon dancers along with firecrackers will kick-off the festival Saturday morning. Various types of entertainment will be featured on both days. A large carnival fun zone will be featured in parking lots at the corner of Garvey and Lincoln Avenues.     Past Lunar New Year events in Monterey Park have drawn crowds estimated at 50,000 to 100,000 visitors coming from all over the Southern California area.  Plan on attending now for a full weekend of fun, entertainment, shopping and dining.    "
amusement,http://farm3.staticflickr.com/2858/11727162976_f02f8a9846_z.jpg,2,3,FUTURE WORLD Epcot Walt Disney World
amusement,http://farm8.staticflickr.com/7361/14180845993_c9f2cd8b5d_z.jpg,2,3,5D3_9601.jpg Explore invertalon's photos on Flickr. invertalon has uploaded 9725 photos to Flickr.
amusement,http://farm3.staticflickr.com/2865/9259349994_9e356030d5_z.jpg,2,3,Untitled Explore nahiggs' photos on Flickr. nahiggs has uploaded 69 photos to Flickr.
amusement,http://farm9.staticflickr.com/8449/8015398369_2ec78e9386_z.jpg,1,4,"Gage Park Topeka KS This passenger train can be seen at Gage Park in Topeka, Kansas. The train is the type seen in amusement parks. It was built in the 1960's in Topeka and is open for public rides during the spring, summer, and fall months."
amusement,http://farm6.staticflickr.com/5515/9923614486_4c666b38b7_z.jpg,1,4, Explore Samuhel Duarte's photos on Flickr. Samuhel Duarte has uploaded 163 photos to Flickr.
amusement,http://farm8.staticflickr.com/7357/9884556535_a95d90eeb3_z.jpg,0,4, 
amusement,http://farm4.staticflickr.com/3710/9727337791_971828f11d_z.jpg,1,4,Royal Adelaide Show '13                                
amusement,http://farm9.staticflickr.com/8194/8086587787_ba20855652_z.jpg,1,3,IMG_1686 copy Explore willowsbough's photos on Flickr. willowsbough has uploaded 718 photos to Flickr.
amusement,http://farm8.staticflickr.com/7331/9163492524_eb451304a7_z.jpg,2,3,"Kings Island / Spirit Song - June 27, 2013 Sight seeing and people watching.  Let me know if you see yourself in any of these pics.  :-)"
amusement,http://farm6.staticflickr.com/5486/9669549533_fdf9d73708_z.jpg,2,3,Happy Valley Above Explore vonSchnitzenberg's photos on Flickr. vonSchnitzenberg has uploaded 2226 photos to Flickr.
amusement,http://farm9.staticflickr.com/8287/7812487348_5e76880c2d_z.jpg,0,5,"Firewoks festival at Seibuenn amusement park 2012813  ""Kaleidoscopes in the night sky"" Fireworks festival at Seibuenn amusement park on 13 August, 2012. "
amusement,http://farm3.staticflickr.com/2826/9232102230_dfd546194f_z.jpg,2,3,20130515_195122 Explore SteveLinn15's photos on Flickr. SteveLinn15 has uploaded 7394 photos to Flickr.
amusement,http://farm9.staticflickr.com/8481/8223149237_1320d4a318_z.jpg,2,3,"Ferris Wheel at Night Pleasure Pier Amusement Park in Galveston, Texas"
amusement,http://farm9.staticflickr.com/8304/7864000402_0e8605a821_z.jpg,2,3,DSC_0146 Explore Loreen Ritter's photos on Flickr. Loreen Ritter has uploaded 45758 photos to Flickr.
amusement,http://farm8.staticflickr.com/7098/6984322958_5184be6ee3_z.jpg,2,3,DSC_5790 Explore beltz6's photos on Flickr. beltz6 has uploaded 5153 photos to Flickr.
amusement,http://farm8.staticflickr.com/7183/6884511782_445f3585fd_z.jpg,0,5,"WindSeeker Media Day Carowinds, Friday 30th March, 2012"
amusement,http://farm4.staticflickr.com/3695/9294904947_3249cb5875_z.jpg,1,4,Day At The Fair Explore Derek Hall's photos on Flickr. Derek Hall has uploaded 2459 photos to Flickr.
amusement,http://farm3.staticflickr.com/2869/9224620621_ef6c7b0861_z.jpg,2,3,"Eston Lions World Gopher Derby, Eston, Saskatchewan Explore SwellMap's photos on Flickr. SwellMap has uploaded 9623 photos to Flickr."
amusement,http://farm3.staticflickr.com/2830/10957976536_4e69515e23_z.jpg,1,4,IAAPA Expo 2013 Explore insidethemagic's photos on Flickr. insidethemagic has uploaded 71851 photos to Flickr.
amusement,http://farm6.staticflickr.com/5534/14331748312_8801dfeb5a_z.jpg,0,5,5D3_1701.jpg Explore invertalon's photos on Flickr. invertalon has uploaded 9725 photos to Flickr.
amusement,http://farm9.staticflickr.com/8016/7158366427_c5699b0e77_z.jpg,0,5,Flight Deck 1 Explore alanosaur's photos on Flickr. alanosaur has uploaded 2363 photos to Flickr.
amusement,http://farm8.staticflickr.com/7130/7472044048_2c58eb5f97_z.jpg,1,4,DSC_2204 (2) Explore johnjmurphyiii's photos on Flickr. johnjmurphyiii has uploaded 189181 photos to Flickr.
amusement,http://farm4.staticflickr.com/3874/14923246648_5c743a77ef_z.jpg,2,3,Gullivers World 14                                
amusement,http://farm8.staticflickr.com/7290/11264858586_93fa0562b2_z.jpg,1,4,amusement_0521 Explore ssss_uuuuuu's photos on Flickr. ssss_uuuuuu has uploaded 471 photos to Flickr.
amusement,http://farm6.staticflickr.com/5522/12408403214_8287a5a979_z.jpg,1,4,"Danga Bay Amusement Park Danga Bay Amusement Park is one of the amusement parks and family entertainment center in Johor Bahru, Malaysia. "
amusement,http://farm9.staticflickr.com/8393/8604899592_aa094a1f43_z.jpg,2,3,"2013-03-28 Liaoyang, Lioaning, China Images from my day in Liaoyang, Lioning, China. The main attractions are the White Pagoda Park with the tallest (70.4 metres) ancient pagoda in the Northeast of China dating back to the Liao Dynasty (907-1125) and being one of the 6 oldest pagoda towers in China ... the Guangyou Temple Area constructed during the Eastern Han Dynasty and one of the oldest Buddhist sites in China, and an adjacent still closed amusement park.  On the large square outside the temple, elderly are flying kites or practicing music, kids are feeding pigeons and others are taking their dogs for a walk ..."
amusement,http://farm9.staticflickr.com/8184/8077286625_2d7475d751_z.jpg,2,3,Space Balls Scene on the boardwalk: Space Balls
amusement,http://farm8.staticflickr.com/7136/7069536589_c99b327d0f_z.jpg,1,4,Tea Cups Explore iFl1ckr's photos on Flickr. iFl1ckr has uploaded 1348 photos to Flickr.
amusement,http://farm4.staticflickr.com/3814/9610829902_485a2e7a97_z.jpg,2,3,Madagascar Live stage Explore OrionSEH's photos on Flickr. OrionSEH has uploaded 15184 photos to Flickr.
amusement,http://farm3.staticflickr.com/2879/8989946103_180fd67795_z.jpg,2,3,"Ready for the Streak Looking into the station area of the Nickelodeon Streak at Pleasure Beach Blackpool, Lancashire, UK"
amusement,http://farm4.staticflickr.com/3909/14776485830_668b89d31c_z.jpg,1,4,"OH Columbus - Mardi Gras 2 Mardi Gras attraction at the Ohio State Fair in Columbus, Ohio."
amusement,http://farm8.staticflickr.com/7302/11762918934_a1a82ee731_z.jpg,1,4,"2013-52-dec31 Christmas, church, presents, kiddie rides, amusement park"
amusement,http://farm9.staticflickr.com/8440/7974603913_850626aa18_z.jpg,2,3,"Grona Lund, Sweden Sweden's oldests amusement park, built in1883"
amusement,http://farm8.staticflickr.com/7297/9679062245_bc9db132b9_z.jpg,0,5,Wicked Twister Explore raptoralex's photos on Flickr. raptoralex has uploaded 3687 photos to Flickr.
amusement,http://farm6.staticflickr.com/5449/8816356815_c1a39892eb_z.jpg,1,4, 
amusement,http://farm8.staticflickr.com/7125/8170564005_279f40695d_z.jpg,1,4,IMG_0307 Explore cloowho's photos on Flickr. cloowho has uploaded 257 photos to Flickr.
amusement,http://farm8.staticflickr.com/7225/7332559464_ea0058a999_z.jpg,2,3,Earl's Rides Gee Wizz In Motion.                                
amusement,http://farm9.staticflickr.com/8359/8333726915_93f7079044_z.jpg,1,4,Avioncitos Juego infantil para pre-escolares. Sin tripi.
amusement,http://farm3.staticflickr.com/2911/14088871462_d87a9e0206_z.jpg,1,4, 
amusement,http://farm4.staticflickr.com/3838/14266879190_1cbc1a4bcc_z.jpg,0,5,CHN_5618 Explore Penn State College of Engineering's photos on Flickr. Penn State College of Engineering has uploaded 42404 photos to Flickr.
amusement,http://farm8.staticflickr.com/7347/9344804820_5cb1dced93_z.jpg,2,3,20130721_164056 Explore SteveLinn15's photos on Flickr. SteveLinn15 has uploaded 7394 photos to Flickr.
amusement,http://farm9.staticflickr.com/8243/8637491609_a087da2ee4_z.jpg,1,4,Ferrari World - Abu Dhabi Ferrari World. Abu Dhabi. United Arab Emirates. March 2013.
amusement,http://farm3.staticflickr.com/2836/12049748954_6a7e14fb17_z.jpg,0,5,The #carousel #ride at #ParqueDeAtracciones #amusement #park.  #Madrid #Spain #espaa.  Taken by my #sonyalpha #dslr #a200. Taken in my 2010 summer trip  # # #. Explore WaleedK85's photos on Flickr. WaleedK85 has uploaded 8973 photos to Flickr.
amusement,http://farm8.staticflickr.com/7064/6984330068_1b77bccb87_z.jpg,1,4,Racing Girls Explore beltz6's photos on Flickr. beltz6 has uploaded 5153 photos to Flickr.
amusement,http://farm8.staticflickr.com/7047/6968033511_6249e69353_z.jpg,2,3,Untitled Explore deepthi_273's photos on Flickr. deepthi_273 has uploaded 223 photos to Flickr.
amusement,http://farm8.staticflickr.com/7271/13391447163_d77e90e6ca_z.jpg,2,3,20 Years Later Twenty years later and Nemesis is still a heck of a ride!
amusement,http://farm3.staticflickr.com/2819/10862682724_b84065e44a_z.jpg,1,4,North American Midway Entertainment All Star Unit 2012 NAME All Star Unit @ Stonecrest Mall Lithonia Georgia 2012
amusement,http://farm8.staticflickr.com/7353/10739119866_ce9d37afee_z.jpg,2,3,The Train in Motion Blur Explore CoasterMadMatt's photos on Flickr. CoasterMadMatt has uploaded 73325 photos to Flickr.
amusement,http://farm3.staticflickr.com/2916/14273538163_1c131137f4_z.jpg,1,4,SE Detroit MI 1906 Owned by Arthur Gaulker & Family ELECTRIC PARK Popular Amusement Park in operation 1906 to 1928 the park also known as Riverview Park Luna Park & Granada Park1 Explore UpNorth Memories - Donald (Don) Harrison's photos on Flickr. UpNorth Memories - Donald (Don) Harrison has uploaded 82769 photos to Flickr.
amusement,http://farm8.staticflickr.com/7106/7723011776_cd5da64aef_z.jpg,2,3,"Wildwood, NJ Big Wheel and Wave Swinger Moreys Pier Wildwood, NJ 2012"
amusement,http://farm9.staticflickr.com/8346/8184976599_5795f2557b_z.jpg,0,5,San Antonio Texas SeaWorld marine mammal park A walk around the theme park taking photos 2012 San Antonio Texas SeaWorld marine mammal park A walk around the theme park taking photos 2012 Shamu oceanarium Buildings Signs Amusement rides Animals Marine life Sea World
amusement,http://farm8.staticflickr.com/7297/10752710926_e78a6494ae_z.jpg,1,4,Our Lady Queen of Peace Fall Festival. JCJ Amusements.
amusement,http://farm8.staticflickr.com/7328/9697354493_aa5a36c040_z.jpg,1,4,Early in the Morning for a Flip Flop Explore CoasterMadMatt's photos on Flickr. CoasterMadMatt has uploaded 73325 photos to Flickr.
amusement,http://farm8.staticflickr.com/7282/9182108918_5ae9eff873_z.jpg,2,3,"NYCConeyNiteLite_20130621_041 Parachute Jump lighting and fireworks, Coney Island, NYC Linda Dawn Hammond / IndyFoto.com 2013 June 21, 2013"
amusement,http://farm9.staticflickr.com/8168/7486361786_7cf133768e_z.jpg,1,4,Port Aventura 2012 (005) [iPhone 4S] Explore ashltd's photos on Flickr. ashltd has uploaded 39235 photos to Flickr.
amusement,http://farm9.staticflickr.com/8065/8155290774_3f5a885692_z.jpg,0,5,Drayton Manor's Fantastic Fireworks 2012 Explore CoasterMadMatt's photos on Flickr. CoasterMadMatt has uploaded 73325 photos to Flickr.
amusement,http://farm9.staticflickr.com/8111/8655380141_bb2de2f7c1_z.jpg,2,3,Drivers and Co-Drivers 1 Fahrer und Beifahrer/Guidatori e Co-Guidatori
amusement,http://farm8.staticflickr.com/7100/7306200996_438f6b16ce_z.jpg,2,3,Illuminated Rock O Plane. Explore dccradio's photos on Flickr. dccradio has uploaded 68204 photos to Flickr.
amusement,http://farm9.staticflickr.com/8662/16621814341_568db3b987_z.jpg,2,3,"Boy in amusement train Little boy swinging in colorful amusement train on indoor playground, then stops swinging and starts talking to somebody"
amusement,http://farm6.staticflickr.com/5489/11584089904_a88a8d1d65_z.jpg,1,4,"Ring encasing I photographed a night view after Christmas, three rings of the Cosmo world in Pentax Q  PentaxQ "
amusement,http://farm9.staticflickr.com/8545/10199834655_9e3c4baa34_z.jpg,0,5,DSCN1408c Oktoberfest at Quassy Amusement Park
amusement,http://farm8.staticflickr.com/7325/9447324000_b4b6ccc587_z.jpg,0,5,Another ace brighton marine & palace Pier
amusement,http://farm8.staticflickr.com/7315/9561367269_7590cabd9d_z.jpg,1,4,DSC01834                                
amusement,http://farm3.staticflickr.com/2875/9274133240_8fdc865d83_z.jpg,2,3,The Wheel & Ticket Booths Explore CoasterMadMatt's photos on Flickr. CoasterMadMatt has uploaded 73325 photos to Flickr.
amusement,http://farm9.staticflickr.com/8172/8052713148_e32b5eef7b_z.jpg,1,4,"DW 32 Disneyworld Vacation Orlando, Florida September 2012"
amusement,http://farm9.staticflickr.com/8036/8067882615_e184716790_z.jpg,1,4,Caged lifeless Poohs At the amusement arcade.
amusement,http://farm6.staticflickr.com/5443/9297671860_768a94b9cd_z.jpg,1,4,Day At The Fair Explore Derek Hall's photos on Flickr. Derek Hall has uploaded 2459 photos to Flickr.
amusement,http://farm3.staticflickr.com/2895/14090067437_b7ab34b2a5_z.jpg,1,4,Untitled Explore Stuck Shutter Photography's photos on Flickr. Stuck Shutter Photography has uploaded 541 photos to Flickr.
amusement,http://farm8.staticflickr.com/7349/12417797005_6cea274b09_z.jpg,1,4,"Resourcefully Happy Shuishang Gongyuan (), or Tianjin Water Park, is easily my favorite city park in Tianjin and  to date  in China.  Granted, I havent been to nearly enough places in China to make a more comprehensive statement, but of the parks Ive been to in Shanghai, Beijing, Tianjin, and Guangzhou, this is easily my favorite.  Its the largest urban park in the city at a little over 300 acres of space.  The park was officially opened in its current state by the communist government in 1951.  Previously, it had been known as Green Dragon Pond and has a history that dates back to the first century AD.  With the establishment of Beiyang University and Nankai University at the turn of the 20th century, the waterways of the park became popular for swimming among academic staff and students during the hot summer months.  (Summation via Wikipedia entry.)  The park is quite pleasant year-round.  In summer, the lotus pond is bursting with flowers and the photographers who love to shoot them.  In spring and fall, various flowers bloom (chrysanthemums in fall, peonies in spring).  Winter brings a freezing of the lakes  and there are three:  East Lake, West Lake, and South Lake  whereas summer brings a rash of personal boaters.  In addition to leisurely strolling around the grounds with the various pavilions, verandas, and pagodas, the Tianjin Zoo (separate admission) is also on the grounds of the park.  Also, there is an amusement park in the northeast corner of the park.  Amusement parks are pretty common fare among Chinas city parks, which make them slightly different than American city parks.  Shuishang Gongyuan is quite easy to locate.  It is nearest the Tianta subway station on line 3 of the Tianjin Metro, about a 5-10 minute walk from any of the exits (though exits C & D are technically the closest).  The Tianta TV Tower (whence comes the name of the subway station) is also nearby and quite prominently visible from many places in the park.  Ive yet to venture to the top of the tower, but it would provide an excellent viewing platform for a panoramic view of the park, weather permitting. "
amusement,http://farm6.staticflickr.com/5331/9101771032_2c220de915_z.jpg,1,4,20130509_100716 Explore SteveLinn15's photos on Flickr. SteveLinn15 has uploaded 7394 photos to Flickr.
amusement,http://farm8.staticflickr.com/7076/6882083464_6560663fcb_z.jpg,2,3,Detonator Explore CoasterMadMatt's photos on Flickr. CoasterMadMatt has uploaded 73325 photos to Flickr.
amusement,http://farm8.staticflickr.com/7362/12046768655_33b292dd47_z.jpg,1,4,Legoland Explore mousetrout's photos on Flickr. mousetrout has uploaded 5136 photos to Flickr.
amusement,http://farm8.staticflickr.com/7367/14016031131_c4376589d2_z.jpg,0,5,DSC_0750_1371 On opening day of Coney Isalnd amusement park.
amusement,http://farm8.staticflickr.com/7130/7493008228_8e69995555_z.jpg,2,3,Universal Studies Universal Studies
amusement,http://farm4.staticflickr.com/3768/9312584317_041a3e8948_z.jpg,1,4,Busch Gardens Williamsburg - Loch Ness at Night Explore holl7510's photos on Flickr. holl7510 has uploaded 359 photos to Flickr.
amusement,http://farm9.staticflickr.com/8421/7747625220_09ba5de65a_z.jpg,1,4,amusement-park Explore MrHenryLafayette's photos on Flickr. MrHenryLafayette has uploaded 51 photos to Flickr.
amusement,http://farm9.staticflickr.com/8077/8374319465_bcedb23f08_z.jpg,1,4,"Fuji-Q Highland Amusement Park Fuji-Q Highland Amusement Park, Fujiyoshida, Yamanashi, Japan"
amusement,http://farm3.staticflickr.com/2839/9227339360_c5bf924c8a_z.jpg,1,4,IMG_1402 Explore ik631's photos on Flickr. ik631 has uploaded 5855 photos to Flickr.
amusement,http://farm4.staticflickr.com/3870/15354744575_4316113245_z.jpg,1,4,"OH Hamilton - Stricker's Grove Mini Golf 6 At the miniature golf course at Stricker's Grove, a small amusement park in Hamilton, Ohio."
amusement,http://farm4.staticflickr.com/3677/9453972603_36d4da652e_z.jpg,0,5,A&P Shows Ferris Wheel And Flying Dutchman. Explore dccradio's photos on Flickr. dccradio has uploaded 68204 photos to Flickr.
amusement,http://farm4.staticflickr.com/3714/10049724814_6cb7a5f04e_z.jpg,2,3, 
amusement,http://farm3.staticflickr.com/2892/10205175146_a89ea83048_z.jpg,2,3,IMG_1497                                
amusement,http://farm9.staticflickr.com/8163/7447162024_837d4c353f_z.jpg,2,3, 
amusement,http://farm8.staticflickr.com/7460/8726793322_6738be886f_z.jpg,0,5,May Fair Hereford 2013 Sophie Eacock 2013. All Rights Reserved.  Feel free to comment!
amusement,http://farm9.staticflickr.com/8480/8203502253_a42df21577_z.jpg,1,4,"Lagoon Railroad 4-4-0 Merriweather One of the first places I encountered steam was at the Lagoon Amusement Park of Farmington, Utah.  The Lagoon Railroad (formerly the Wild Kingdom Train) encircles the man-made lagoon that gives the park its name.  Motive power is a pair of 24"" gauge Crown 4-4-0s, with a third on display.   Here's Merriweather simmering at the station between runs.  "
amusement,http://farm8.staticflickr.com/7106/6984378908_3fca6a78b9_z.jpg,2,3,IMG_1408 Explore beltz6's photos on Flickr. beltz6 has uploaded 5153 photos to Flickr.
amusement,http://farm6.staticflickr.com/5614/15796239581_e363468735_z.jpg,0,4,Tivoli Gardens Our visit to the Tivoli Gardens
amusement,http://farm8.staticflickr.com/7196/7060270617_45084795fe_z.jpg,0,5,View of the rides Some of the other rides I wasn't game to try.
amusement,http://farm9.staticflickr.com/8023/7400024986_a54e049c66_z.jpg,1,4,nyuen1621 Sq Willette
amusement,http://farm4.staticflickr.com/3889/14653521658_fbc7baae3a_z.jpg,2,3,Paradise Circus II Photography: Kendra Paige kendrapaige.com/ www.facebook.com/kendrapaigephotography/ Models: Yana Poly of Mega Model Management & Joanna Moccia Stylist: Gen Bell MUAH: Andrea Joe Cicalese
amusement,http://farm9.staticflickr.com/8553/8711275994_ed25dbe03a_z.jpg,2,3,"June 2, 2012 At Lakeside Amusement Park."
amusement,http://farm6.staticflickr.com/5474/12237010926_b17750e8c4_z.jpg,1,4, 
amusement,http://farm3.staticflickr.com/2809/12737875355_655d2eddfa_z.jpg,2,3,DSC_0255 Explore allthecoasters' photos on Flickr. allthecoasters has uploaded 248 photos to Flickr.
amusement,http://farm8.staticflickr.com/7193/6821519524_3c096b6327_z.jpg,1,4,"Niagara Falls, Ontario Canada  Niagara Skywheel 175 feet above Niagara Falls"
amusement,http://farm8.staticflickr.com/7413/12489144173_63cfc02d6b_z.jpg,2,3,"One of Best Dating Places for Valentine's Day - Kobe Harborland, Japan After having a great Valentine's day dinner, Lovers can enjoy the night view of Kobe Port Tower from Kobe Harborland, in Kobe Japan.  ""Kobe Harborland is a shopping and entertainment district along the waterfront of Kobe's port area, offering many cafes, restaurants, shops and other amusements. It is also a popular dating spot. The two largest shopping complexes in the area are Mosaic and Canal Garden. Mosaic is a pleasant shopping complex along the waterfront with a variety of small fashion boutiques and a wide selection of restaurants, many of which overlook the harbor. A small amusement park with ferris wheel is found at one end of Mosaic. Canal Garden, on the other hand, is a shopping mall with a Hankyu department store, Sofmap electronics store, a sports store and various family fashion outlets."" (Source: www.japan-guide.com/e/e3553.html)  Camera Information:  Model: Sony NEX-5N, Shutter Speed: 1/50 sec, Aperture: f/2, Focal Length: 50mm, ISO: 1600 Lens: Metabones Sony A-mount to NEX Speed Booster Adapter + Sony 50mm f/1.4 Lens Alpha Mount (SAL50F14).                                "
amusement,http://farm8.staticflickr.com/7258/7596443066_952f773f60_z.jpg,2,3,"arboretum, jardin botanique, parc, du, chateau de, ferrires en brie, rotschild, tempte de dcembre 1999, #144, Best of, le Meilleur des Photos-Nature Adely et Yves 2006->2012! Diaporama / Slide Show  ce lien, Plein cran, (F11) full screem recomanded ! www.flickr.com/photos/natureboheme/sets/72157630634692968...   Merci de visionner notre important travail photographique ! Classeur Best of, le Meilleur des Photos-Nature Adely et Yves 2006->2012! Selection of our best photographys 2006->2012 ! Thank you to take an eye on it ! www.flickr.com/photos/natureboheme/collections/7215763007...   Lisez notre manifeste :  (Article paru sur le site des Vgtaliseurs)  Trucs et Astuces !    L'Art et la Manire de donner le got de la Nature et de la Randonne aux enfants.  www.les-vegetaliseurs.com/article-80507-commentdonnerlego...   (Franais, English, Viet nam, Spanish,)  Nous aimons la Vie ! Nous aimons la Nature ! Nous aimons la randonne ! Nous aimons la Lumire ! Nous aimons la Couleur ! Nous pratiquons la Joie de Vivre et la Bonne Humeur! Vive la Nature ! Vive la Vie ! Respectons et Aimons toutes les Formes de Vie !   We love the Life !  We love the Nature !  We love the Nature ! We love hiking ! We love the Light !  We love the Color !  We practice the Joy of Living !  Bravo the Nature ! Respect and Love all the forms of Life !  Live the Life you Love!  Chung toi yeu cuoc song! Chung toi yeu thien nhien ! Chung toi yeu thich di bo duong dai ! Chung toi yeu thich anh sang ! Chung toi yeu thich mau sac !  Chung toi thuc hanh niem vui duoc song ! Hoan ho Thien Nhien ! Hoan ho Cuoc song ! Hay Kinh Trong va Yeu thuong tat ca nhung hinh thuc cua Cuoc Song !   Nos Gusta la vida !  Nos gusta la naturaleza !   Nos gusta la caminata !   Nos gusta la luz !  Nos gusta el color ! Viva la Naturaleza !  Viva la Vida ! Respectomos e amenos todas las formas de vida ! Live the Life you Love!     [Mots Clefs :  ""me d'enfant"" ""bonne humeur""  Good mood  ""fou rire"" laughter ""joie de vivre"" exhilaration ""marche  pied"" walking allgresse  amusements amuser apaisement ardeur balade jaunt  bien-tre well-being bizarre odd  blague joke  bonheur happiness bucolique calme campagnard campagne countryside champtre champs contempler contentement ""coup de cur"" curieux curious distraction divertir divertissement gayer enchantement delightfulness enthousiasme espigle trange strange excursion pleasure trip  extraordinaire extraordinary fe ferie flicit ferveur flnerie force forestier fort forest  gaiet merriment gait guilleret herbages humour humor idyllique inaccoutum insolite unusual inspiration jeux joie, jouer jubilation liesse lyrisme malicieux muse nature observer paix pastoral pturages prairie pdestre ptillant plaire plaisanter plaisanterie posie poetry pote prairies prs prodigieux promenade outing quitude randonne ramble ravissement rcrer regarder  rjouir rigolo rire ritournelle romanesque romantique romantisme romanticism sentier srnit singulier *sourire smile sous-bois undergrowth surprenant  vif vire vitalit zen tamycoladelyves natureboheme clairefontaine yves-Noel-Marie Gonnet-Nguyen ] "
amusement,http://farm8.staticflickr.com/7198/6859169623_5a4ec885ba_z.jpg,2,3,The Blade Explore CoasterMadMatt's photos on Flickr. CoasterMadMatt has uploaded 73325 photos to Flickr.
amusement,http://farm9.staticflickr.com/8341/8184971599_6c22af4083_z.jpg,2,3,San Antonio Texas SeaWorld marine mammal park A walk around the theme park taking photos 2012 San Antonio Texas SeaWorld marine mammal park A walk around the theme park taking photos 2012 Shamu oceanarium Buildings Signs Amusement rides Animals Marine life Sea World
amusement,http://farm6.staticflickr.com/5458/9979883333_984f338d80_z.jpg,2,3,Spinning on the Edge Explore CoasterMadMatt's photos on Flickr. CoasterMadMatt has uploaded 73325 photos to Flickr.
amusement,http://farm9.staticflickr.com/8177/8069253565_abf640a219_z.jpg,0,5,Colossus at Thorpe Park Colossus at Thorpe Park
amusement,http://farm4.staticflickr.com/3668/8929478159_5915f8f655_z.jpg,2,3,Modern Amusements Explore alistairh's photos on Flickr. alistairh has uploaded 9442 photos to Flickr.
amusement,http://farm9.staticflickr.com/8303/7835639188_ccb3fd5163_z.jpg,2,3,Songs of night Amusement Ride
amusement,http://farm4.staticflickr.com/3791/9135434105_bcaaa1a2cb_z.jpg,0,5,Amusement Park Explore Science Museum of MN Youth Programs' photos on Flickr. Science Museum of MN Youth Programs has uploaded 53672 photos to Flickr.
amusement,http://farm9.staticflickr.com/8303/7924309120_5972f0d490_z.jpg,1,4,Sliding 2012 Gatineau Hot Air Balloon Festival
amusement,http://farm8.staticflickr.com/7061/6785482880_788f8a1805_z.jpg,1,4,SAM_3214 Explore sadisticspice's photos on Flickr. sadisticspice has uploaded 11609 photos to Flickr.
amusement,http://farm3.staticflickr.com/2829/10011868916_7032e62e62_z.jpg,2,3,DSC02086                                
amusement,http://farm3.staticflickr.com/2931/13996185606_e14324baee_z.jpg,1,4,DSC_0754_1375 On opening day of Coney Isalnd amusement park.
amusement,http://farm8.staticflickr.com/7333/8721979308_2f42058f83_z.jpg,1,4,The 'Seats' of Alakazam Explore CoasterMadMatt's photos on Flickr. CoasterMadMatt has uploaded 73325 photos to Flickr.
amusement,http://farm6.staticflickr.com/5442/10236933226_fbf28222b6_z.jpg,0,5,"Goose Fair, Nottingham The 719th Goose Fair in Nottingham, UK."
amusement,http://farm6.staticflickr.com/5334/7228807046_7d0aea633e_z.jpg,2,3,IMG_1289 (Large) Explore Coney Island Photo Diary's photos on Flickr. Coney Island Photo Diary has uploaded 9540 photos to Flickr.
amusement,http://farm8.staticflickr.com/7280/7609561206_7b3a2b603a_z.jpg,1,4,Abandoned amusement park in Berlin #kulturpark #spreepark #breakingthelaw Explore eric is what you need's photos on Flickr. eric is what you need has uploaded 912 photos to Flickr.
amusement,http://farm4.staticflickr.com/3659/5844067174_e2601c5551_z.jpg,2,3,Fun Slide at Dusk Explore Five Furlongs' photos on Flickr. Five Furlongs has uploaded 2831 photos to Flickr.
amusement,http://farm9.staticflickr.com/8306/7812828022_e08d3a290c_z.jpg,0,5,Century Wheel Explore trumpeterny's photos on Flickr. trumpeterny has uploaded 10187 photos to Flickr.
amusement,http://farm9.staticflickr.com/8503/8279790501_285b54d833_z.jpg,2,3,Runaway Mine Train                                
amusement,http://farm9.staticflickr.com/8172/8023771161_5e4ed69c55_z.jpg,1,4,Slide and Merry-go-round Rides at Rutland September Days
amusement,http://farm8.staticflickr.com/7347/11158799416_eae9dbd722_z.jpg,1,4,. {Blog}  {Stores} {Twitter}
amusement,http://farm9.staticflickr.com/8144/7515970978_720765d406_z.jpg,0,5,IMG_8554 Explore Delphic Photography's photos on Flickr. Delphic Photography has uploaded 4472 photos to Flickr.
amusement,http://farm6.staticflickr.com/5595/14242003556_cf0ee34891_z.jpg,1,4,Sideshow Alley He missed BTW
amusement,http://farm6.staticflickr.com/5527/9561133273_2b89f744b6_z.jpg,1,4,DSC01923                                
amusement,http://farm8.staticflickr.com/7398/9570919289_34c2873032_z.jpg,1,4,"Amusement Rides long exposure Point Pleasant, N.J. boardwalk."
amusement,http://farm8.staticflickr.com/7076/7405338206_dd6054527d_z.jpg,2,3,explain it to me Amusement Ride
amusement,http://farm9.staticflickr.com/8309/8057867240_e724afc290_z.jpg,1,4, 
amusement,http://farm4.staticflickr.com/3878/14642622590_f83c166ee4_z.jpg,2,3,"Freefall tower, Tivoli, Copenhagen, Denmark Explore maxunterwegs' photos on Flickr. maxunterwegs has uploaded 6784 photos to Flickr."
amusement,http://farm3.staticflickr.com/2940/13962600358_96920e155a_z.jpg,2,3,A&P Shows Flying Dutchman Ride. Explore dccradio's photos on Flickr. dccradio has uploaded 68204 photos to Flickr.
amusement,http://farm6.staticflickr.com/5331/9456728492_c88a226833_z.jpg,1,4,A&P Shows Super Slide. Explore dccradio's photos on Flickr. dccradio has uploaded 68204 photos to Flickr.
amusement,http://farm4.staticflickr.com/3678/11791556363_e4af70b44d_z.jpg,2,3,DSC06678.jpg Explore nori-ntst's photos on Flickr. nori-ntst has uploaded 67606 photos to Flickr.
amusement,http://farm9.staticflickr.com/8147/7491585876_65b7860d67_z.jpg,0,5,Stinger looping coaster Roller coaster at Dorney Park
amusement,http://farm8.staticflickr.com/7329/9017328029_77242af214_z.jpg,0,5,IMG_1484 Explore Hlkolaya's photos on Flickr. Hlkolaya has uploaded 12760 photos to Flickr.
amusement,http://farm8.staticflickr.com/7422/8726673958_2b1dd8a1c4_z.jpg,1,4,May Fair Hereford 2013 Sophie Eacock 2013. All Rights Reserved.  Feel free to comment!
amusement,http://farm8.staticflickr.com/7279/6885475424_e88120a47f_z.jpg,0,5,Spin Explore Clayton Perry Photoworks' photos on Flickr. Clayton Perry Photoworks has uploaded 55392 photos to Flickr.
amusement,http://farm8.staticflickr.com/7335/10832607546_e513ee7164_z.jpg,1,4,"The Start of the End of Corrections With Saturday now in full swing, only another day left of corrections o the 2013 season!"
amusement,http://farm3.staticflickr.com/2842/9541388287_0650283257_z.jpg,0,5,June 2013 Getting ready to go @ Casey's Amusement Park
amusement,http://farm6.staticflickr.com/5468/9213883735_71b18de8f5_z.jpg,2,3,"In front of Spook-A-Rama, Deno's Wonder Wheel Park, Coney Island Chill out with the ghouls and goblins of Spook-A-Rama in Deno's Wonder Wheel Amusement Park! It is a scientific fact that when people become frightened by a good scary dark ride it makes cold chills run up and down their spines, cooling them down."
amusement,http://farm8.staticflickr.com/7416/9737048736_eb54a6d5fc_z.jpg,1,4,"Ober Gatlinburg Ski Resort & Amusement Park Explore Mu-Ju, Lo's photos on Flickr. Mu-Ju, Lo has uploaded 2150 photos to Flickr."
amusement,http://farm9.staticflickr.com/8465/8375390982_c91a079a4e_z.jpg,2,3,"Fuji-Q Highland Amusement Park Visit to Fuji-Q Highland Amusement Park, Fujiyoshida, Yamanashi, Japan"
amusement,http://farm3.staticflickr.com/2835/10011055935_c3e3c944da_z.jpg,0,5,DSC02190                                
amusement,http://farm8.staticflickr.com/7305/9618726575_d48c97ae56_z.jpg,1,4,2013 Royal Adelaide Show Setup Checking the lights on Speed.
amusement,http://farm9.staticflickr.com/8294/7598732154_728f72048d_z.jpg,2,3,Birch / Linnanmki amusement park Explore jiihaa's photos on Flickr. jiihaa has uploaded 62401 photos to Flickr.
amusement,http://farm9.staticflickr.com/8282/7836532484_44a31beb1e_z.jpg,2,3,"Speed of light Scream'n Eagle Ride, A ride at Oaks Park amusement park, Portland Oregon, USA"
amusement,http://farm6.staticflickr.com/5555/15109317262_f395545ed2_z.jpg,1,4,Gullivers World 14                                
amusement,http://farm3.staticflickr.com/2843/9297685152_a9c613eeaf_z.jpg,2,3,Day At The Fair Explore Derek Hall's photos on Flickr. Derek Hall has uploaded 2459 photos to Flickr.
amusement,http://farm8.staticflickr.com/7325/10873362896_36eeb40aaa_z.jpg,0,5,Galway Amusements Explore Sharon Galway's photos on Flickr. Sharon Galway has uploaded 78 photos to Flickr.
amusement,http://farm6.staticflickr.com/5467/9641366529_95a06fc117_z.jpg,2,3,"Will They Make It? Waterfall is one of the more unique rides in the UK.   Riders board the plastic sleds/toboggans at the top of the slide. They then descending, and end up bouncing on the water until they reach the end.  Well that's the idea, some people don't quite make it into the end and get rather wet!"
amusement,http://farm9.staticflickr.com/8438/7792641438_5288506c33_z.jpg,1,4,Hershey Park Visit to Hershey Park amusement park in Pennsylvania August 2012
amusement,http://farm8.staticflickr.com/7127/7124949965_2eefc1eafb_z.jpg,0,5,Waaay fun. The Mall of America has an amusement park for kids which includes rides.
amusement,http://farm9.staticflickr.com/8100/8626386041_63f9005670_z.jpg,0,5,Descending the Streak Explore CoasterMadMatt's photos on Flickr. CoasterMadMatt has uploaded 73325 photos to Flickr.
amusement,http://farm8.staticflickr.com/7098/7287604146_0890696969_z.jpg,1,4,IMG_2469 (Large) Explore Coney Island Photo Diary's photos on Flickr. Coney Island Photo Diary has uploaded 9540 photos to Flickr.
amusement,http://farm8.staticflickr.com/7438/8838192660_768f17c89d_z.jpg,1,4,"This is the Legend 19 Years on, Nemesis is still the best ride in the park, and is still voted consistantly as one of the top 20 steel coasters in the world!"
amusement,http://farm8.staticflickr.com/7055/6982236263_221598f534_z.jpg,2,3,P1011777 Explore Jason512's photos on Flickr. Jason512 has uploaded 1262 photos to Flickr.
amusement,http://farm8.staticflickr.com/7050/6881961770_0dfbbf71da_z.jpg,2,3,The Swarm's Lift Hill Explore CoasterMadMatt's photos on Flickr. CoasterMadMatt has uploaded 73325 photos to Flickr.
amusement,http://farm8.staticflickr.com/7078/7154473745_0841a52886_z.jpg,1,4,universal10 I'm sexy and I know it. 
amusement,http://farm8.staticflickr.com/7436/14161103092_6df0800d01_z.jpg,2,3,"""Ice Cream"" Explore VirJiny's photos on Flickr. VirJiny has uploaded 106 photos to Flickr."
amusement,http://farm9.staticflickr.com/8177/8058889063_548e18ba99_z.jpg,2,3, 
amusement,http://farm9.staticflickr.com/8264/8670269579_80b324ccd0_z.jpg,2,3,Ms C at the Amusement Park April 2013.jpg Explore Colleen Foucault Photography's photos on Flickr. Colleen Foucault Photography has uploaded 10289 photos to Flickr.
amusement,http://farm9.staticflickr.com/8150/7567274956_6efcf488c1_z.jpg,1,4,Popo & Naomi Explore Mongwau's photos on Flickr. Mongwau has uploaded 3017 photos to Flickr.
amusement,http://farm8.staticflickr.com/7316/9615757917_cb0d4252dd_z.jpg,2,3,Coney Island Explore Manzari's photos on Flickr. Manzari has uploaded 7027 photos to Flickr.
amusement,http://farm8.staticflickr.com/7133/7472093978_c6e317eb59_z.jpg,1,4,DSC_2230 Explore johnjmurphyiii's photos on Flickr. johnjmurphyiii has uploaded 189181 photos to Flickr.
amusement,http://farm9.staticflickr.com/8045/8140413871_a5d2faee81_z.jpg,2,3,Walt Disney World Orlando Florida theme park and rides in Disneys Magic Kingdom Walt Disney World Orlando Florida theme park and rides in Disneys Magic Kingdom amusement park 2012
amusement,http://farm9.staticflickr.com/8172/8039554600_7ac34bfb32_z.jpg,0,5,On Pharaoh's Fury.                                
amusement,http://farm8.staticflickr.com/7363/12665912223_638e1bacf1_z.jpg,1,4,"ocean park, hong kong sean took aldo on a trip to asia to celebrate his 40th birthday. this is the hong kong leg of the trip. these were taken on their day trip to ocean park."
amusement,http://farm8.staticflickr.com/7242/7310982812_0d3809c624_z.jpg,1,4,From Within Finally got a chance to ride on the Zippin Pippin! I love a good wooden roller coaster!
amusement,http://farm4.staticflickr.com/3714/9130565460_5bdec423ab_z.jpg,2,3,"independent city towns rural urban parks decay abandon abandoned buildings architecture ""Theme Parks"" Amusement ""amusememt Parks"" Rollercoasters Carnivals ""ferris Wheel"" Midway ""merry go round"" ""County Fair"" Lights ""Graphic Design"" ""Digital Art"" Motion hospital clinic medical windows doors roads cars trucks autos cranes oilfields diesel streets inner-city brick architecture landscape cityscape night light natty natural equipment ""heavy equipment"" construction diner cafe ""coffee shop"" ""drive-in"" ""fast food"" restaurant bar nightclub burgers fries ""ice cream""   "
amusement,http://farm9.staticflickr.com/8507/8583046733_4351c7362e_z.jpg,1,4,Quartet These guys really cheered me up when I was pissed about a truly terrible lunch which I had just thrown away without eating.
amusement,http://farm4.staticflickr.com/3714/10758832064_0508305523_z.jpg,0,5,All in a spin Explore AnnieWilcoxPhotography's photos on Flickr. AnnieWilcoxPhotography has uploaded 1169 photos to Flickr.
amusement,http://farm4.staticflickr.com/3738/10237150176_573c89a2c4_z.jpg,1,4,"Goose Fair, Nottingham The 719th Goose Fair in Nottingham, UK."
amusement,http://farm6.staticflickr.com/5551/14941848466_eab4b83b08_z.jpg,2,3,20120701_(Canon EOS-1Ds Mark III)_Pride0240 Explore Rainer Soegtrop Photography's photos on Flickr. Rainer Soegtrop Photography has uploaded 15309 photos to Flickr.
amusement,http://farm8.staticflickr.com/7104/7364037410_f69cc54d41_z.jpg,1,4, 
amusement,http://farm3.staticflickr.com/2815/12084840103_e5728968a9_z.jpg,1,4,manege Vacances a Hokkaido avec la famille Chuma - Aout 2013
amusement,http://farm9.staticflickr.com/8421/7794964044_58417c9239_z.jpg,2,3, 
amusement,http://farm4.staticflickr.com/3744/9100395455_2e1a0bf8e5_z.jpg,2,3,DSCN3876 Explore SteveLinn15's photos on Flickr. SteveLinn15 has uploaded 7394 photos to Flickr.
amusement,http://farm9.staticflickr.com/8028/7162308099_6d20099f8e_z.jpg,2,3,"jeunesse, fleurie, beaut, parc, Ballade Promenade Randonne Sortie Exposition Actualit Actu Expo Ballad Gone Walk Hike Hiking Ramble Nature Campagne Paysage Cute Amazing Stunning Oustanding Beautifull Lovely Charming Great Excellent Wonderful Super Deli #102,  Best of, le Meilleur des Photos-Nature Adely et Yves 2006->2012! Diaporama / Slide Show  ce lien, Plein cran, (F11) full screem reomanded !  www.flickr.com/photos/natureboheme/sets/72157630009196201...   Merci de visionner notre important travail photographique ! Classeur Best of, le Meilleur des Photos-Nature Adely et Yves 2006->2012! Selection of our best photographys 2006->2012 ! Thank you to take an eye on it ! www.flickr.com/photos/natureboheme/collections/7215763007...   Lisez notre manifeste :  (Article paru sur le site des Vgtaliseurs)  Trucs et Astuces !    L'Art et la Manire de donner le got de la Nature et de la Randonne aux enfants.  www.les-vegetaliseurs.com/article-80507-commentdonnerlego...   (Franais, English, Viet nam, Spanish,)  Nous aimons la Vie ! Nous aimons la Nature ! Nous aimons la randonne ! Nous aimons la Lumire ! Nous aimons la Couleur ! Nous pratiquons la Joie de Vivre et la Bonne Humeur! Vive la Nature ! Vive la Vie ! Respectons et Aimons toutes les Formes de Vie !   We love the Life !  We love the Nature !  We love the Nature ! We love hiking ! We love the Light !  We love the Color !  We practice the Joy of Living !  Bravo the Nature ! Respect and Love all the forms of Life !  Live the Life you Love!  Chung toi yeu cuoc song! Chung toi yeu thien nhien ! Chung toi yeu thich di bo duong dai ! Chung toi yeu thich anh sang ! Chung toi yeu thich mau sac !  Chung toi thuc hanh niem vui duoc song ! Hoan ho Thien Nhien ! Hoan ho Cuoc song ! Hay Kinh Trong va Yeu thuong tat ca nhung hinh thuc cua Cuoc Song !   Nos Gusta la vida !  Nos gusta la naturaleza !   Nos gusta la caminata !   Nos gusta la luz !  Nos gusta el color ! Viva la Naturaleza !  Viva la Vida ! Respectomos e amenos todas las formas de vida ! Live the Life you Love!   [Mots Clefs :  ""me d'enfant"" ""bonne humeur""  Good mood  ""fou rire"" laughter ""joie de vivre"" exhilaration ""marche  pied"" walking allgresse  amusements amuser apaisement ardeur balade jaunt  bien-tre well-being bizarre odd  blague joke  bonheur happiness bucolique calme campagnard campagne countryside champtre champs contempler contentement ""coup de cur"" curieux curious distraction divertir divertissement gayer enchantement delightfulness enthousiasme espigle trange strange excursion pleasure trip  extraordinaire extraordinary fe ferie flicit ferveur flnerie force forestier fort forest  gaiet merriment gait guilleret herbages humour humor idyllique inaccoutum insolite unusual inspiration jeux joie, jouer jubilation liesse lyrisme malicieux muse nature observer paix pastoral pturages prairie pdestre ptillant plaire plaisanter plaisanterie posie poetry pote prairies prs prodigieux promenade outing quitude randonne ramble ravissement rcrer regarder  rjouir rigolo rire ritournelle romanesque romantique romantisme romanticism sentier srnit singulier *sourire smile sous-bois undergrowth surprenant  vif vire vitalit zen tamycoladelyves natureboheme clairefontaine yves-Noel-Marie Gonnet-Nguyen ] "
amusement,http://farm8.staticflickr.com/7131/7471799634_be120cc3d0_z.jpg,1,4,DSC_2022 Explore johnjmurphyiii's photos on Flickr. johnjmurphyiii has uploaded 189181 photos to Flickr.
amusement,http://farm8.staticflickr.com/7458/10841429364_098679170f_z.jpg,1,4,Atlanta Fair 2013 Atlanta Fair 2013
amusement,http://farm8.staticflickr.com/7030/6800800919_7d5852f16e_z.jpg,1,4,Album141 Explore PhazedOut1's photos on Flickr. PhazedOut1 has uploaded 18086 photos to Flickr.
amusement,http://farm3.staticflickr.com/2848/12387015144_5cfe058f6c_z.jpg,2,3,Spelletjesavond PENTAX DIGITAL CAMERA
amusement,http://farm9.staticflickr.com/8453/7993558606_09e9a770e0_z.jpg,1,4,"D7K 8623 ep gs Midway, Canadian National Exhibition, Toronto, 2012.  Only the street shots - thestreetzine.blogspot.com/view/mosaic"
amusement,http://farm9.staticflickr.com/8288/7720444914_2434eabcaf_z.jpg,2,3,IMG_3902 Explore zedd_117's photos on Flickr. zedd_117 has uploaded 6163 photos to Flickr.
amusement,http://farm8.staticflickr.com/7350/15891916094_d8a78e7778_z.jpg,0,5, 
amusement,http://farm3.staticflickr.com/2934/14244756405_68fc94b50c_z.jpg,1,4,Amusement Parks (321) Amusement Parks
amusement,http://farm6.staticflickr.com/5511/9342644252_d6185bf936_z.jpg,0,5,DSCN3741c Explore VJnet's photos on Flickr. VJnet has uploaded 66577 photos to Flickr.
amusement,http://farm8.staticflickr.com/7445/10393180013_50b7361689_z.jpg,2,3,Linnamki Funfair Funfair. Old Carousel at Linnanmki .  Foap iStock Depositphotos jekurantodistaja.wordpress.com
amusement,http://farm8.staticflickr.com/7077/7174330315_43e44fc67b_z.jpg,1,4,CSB_8294 Explore cblynn's photos on Flickr. cblynn has uploaded 1789 photos to Flickr.
amusement,http://farm8.staticflickr.com/7052/8687747157_9753795864_z.jpg,1,4,At the Speed of Sound The first of many roller coasters. This is the Speed of Sound.
amusement,http://farm6.staticflickr.com/5323/8932121301_1bd85064fe_z.jpg,0,5, 
amusement,http://farm6.staticflickr.com/5520/10588330614_27ec21389b_z.jpg,1,4,The Record Breaking Coaster at Night Explore CoasterMadMatt's photos on Flickr. CoasterMadMatt has uploaded 73325 photos to Flickr.
amusement,http://farm9.staticflickr.com/8205/8216642546_3198c45a75_z.jpg,2,3,Little People Wheelies Loops n Swoops Amusement Park DSC07611 SONY DSC                       
amusement,http://farm9.staticflickr.com/8118/8917412415_8aac11246b_z.jpg,0,5,The Smiler Explore CoasterMadMatt's photos on Flickr. CoasterMadMatt has uploaded 73325 photos to Flickr.
amusement,http://farm3.staticflickr.com/2812/9960318696_1bc4d105cb_z.jpg,0,5,Corkscrew Halloweekend at Cedar Point 2013 [D7K_7035]
amusement,http://farm9.staticflickr.com/8031/8060393602_f64434620e_z.jpg,1,4,Stargate Explore djh644's photos on Flickr. djh644 has uploaded 1415 photos to Flickr.
amusement,http://farm9.staticflickr.com/8535/8635583088_6b8175592a_z.jpg,2,3,   Explore kidfinland's photos on Flickr. kidfinland has uploaded 963 photos to Flickr.
amusement,http://farm8.staticflickr.com/7060/6836114676_ee547297e2_z.jpg,1,4,P1011956 Explore Jason512's photos on Flickr. Jason512 has uploaded 1262 photos to Flickr.
amusement,http://farm6.staticflickr.com/5513/10339520916_76a7b16788_z.jpg,2,3,"Thunderbolt Mural, Kennywood, West Mifflin, Pittsburgh, 2013 Explore evz922's photos on Flickr. evz922 has uploaded 2596 photos to Flickr."
amusement,http://farm9.staticflickr.com/8059/8185892461_ae4bfcdb84_z.jpg,0,5,IMG_3009 Explore behindthethrills' photos on Flickr. behindthethrills has uploaded 114432 photos to Flickr.
amusement,http://farm6.staticflickr.com/5525/9186047203_c09b375683_z.jpg,1,4,portable amusement parks Explore aminter1967's photos on Flickr. aminter1967 has uploaded 1779 photos to Flickr.
amusement,http://farm8.staticflickr.com/7078/7219879490_a1e988fb6c_z.jpg,2,3,File0453 Explore schjlatah's photos on Flickr. schjlatah has uploaded 2221 photos to Flickr.
amusement,http://farm6.staticflickr.com/5505/9196170279_4e9019abe7_z.jpg,2,3,Great Adventure Explore BuLLNJ5's photos on Flickr. BuLLNJ5 has uploaded 8641 photos to Flickr.
amusement,http://farm8.staticflickr.com/7332/13859052174_1bcf81dae7_z.jpg,0,5,Story Land-2743 Follow me on twitter Visit my Website Find me on Facebook
amusement,http://farm8.staticflickr.com/7325/12665738535_196a5fcd47_z.jpg,0,5,cable car at ocean park sean took aldo on a trip to asia to celebrate his 40th birthday. this is the hong kong leg of the trip. these were taken on their day trip to ocean park.
amusement,http://farm9.staticflickr.com/8451/8029209280_a10dde7b2a_z.jpg,0,5,Slowing down... Royal Melbourne Show 2012
amusement,http://farm3.staticflickr.com/2828/10010378054_1cb4e883fc_z.jpg,1,4,DSC02272                                
amusement,http://farm8.staticflickr.com/7424/12047621126_c5c2220d82_z.jpg,1,4,Legoland The lego river runs from the spigot across the play area and into the lounge.
amusement,http://farm9.staticflickr.com/8521/8601499223_3005c80910_z.jpg,1,4,DSC04715                            Raja Fiber adalah pengrajin fiberglass.Produk produk kami diantaranya: 1.Waterpark Equipment 2.Aqua Play 3.Playground 4.Amusement Park Equipment 5.Custom  Workshop: Dk.Ngrodon Ds.Jelobo Kec.Wonosari Kab.Klaten JAWA TENGAH 57473 Tlp.0271 7947669 Fax.0271 7880 866  Informasi dan Pemesanan: SMS:0821 3660 8248 (24 Jam) Call:0817 9475 943 (09.00-13.00WIB)  Email: rajafiber.info@gmail.com Blog: rajafiber.wordpress.com Web: raja-fiber.indonetwork.co.id    
amusement,http://farm9.staticflickr.com/8007/7473726576_1a6c32f9c3_z.jpg,2,3,Astoria Carnival from Ferris Wheel Explore Mike Ratliff Photography's photos on Flickr. Mike Ratliff Photography has uploaded 200 photos to Flickr.
amusement,http://farm8.staticflickr.com/7141/6832440333_9612d1b436_z.jpg,2,3,"X-Flight Once things went vertical a few weeks ago, ironworkers wasted no time getting this put together!"
amusement,http://farm6.staticflickr.com/5530/9279370705_2df8da2311_z.jpg,1,4,IMG_0926.jpg Explore invertalon's photos on Flickr. invertalon has uploaded 9725 photos to Flickr.
amusement,http://farm8.staticflickr.com/7433/8768785157_8c12a4eb5a_z.jpg,0,5,"Copenhagen carnival 2013 All Rights Reserved  Ren Eriksen. Please do not use my pictures outside Flickr, without my permission. Visit my website: sltr.dk/ "
amusement,http://farm9.staticflickr.com/8303/7808575348_e9182b2a94_z.jpg,0,5,Tea Cups And Eli Ferris Wheel At Night. Explore dccradio's photos on Flickr. dccradio has uploaded 68204 photos to Flickr.
amusement,http://farm8.staticflickr.com/7447/10289050654_5bcc0ceace_z.jpg,1,4,IMGP3931 Explore koichimura's photos on Flickr. koichimura has uploaded 13084 photos to Flickr.
amusement,http://farm8.staticflickr.com/7190/13511704084_6a34a20573_z.jpg,1,4,_DSC8562 Explore arindam.nimta's photos on Flickr. arindam.nimta has uploaded 2910 photos to Flickr.
amusement,http://farm8.staticflickr.com/7034/6798775305_d2e1ff5f35_z.jpg,2,3,IMG_9367.jpg Explore invertalon's photos on Flickr. invertalon has uploaded 9725 photos to Flickr.
amusement,http://farm8.staticflickr.com/7245/7162901725_9fb852d1e3_z.jpg,1,4,Untitled Instagram: amandamabel ll facebook
amusement,http://farm8.staticflickr.com/7083/7246595968_8bf8c3392b_z.jpg,1,4,Mamba Explore Joyful Girl Photography's photos on Flickr. Joyful Girl Photography has uploaded 791 photos to Flickr.
amusement,http://farm6.staticflickr.com/5331/9459412227_e6930a798b_z.jpg,2,3,Bulldozer Carnival Game And Food Trailer. Explore dccradio's photos on Flickr. dccradio has uploaded 68204 photos to Flickr.
amusement,http://farm9.staticflickr.com/8011/7143931913_6db906f8d6_z.jpg,0,5,Tilt A Whirl Carnival Ride. Explore dccradio's photos on Flickr. dccradio has uploaded 68204 photos to Flickr.
amusement,http://farm8.staticflickr.com/7278/7560133620_3d97537e98_z.jpg,2,3,KingsDominion2012-95 Explore Mervyn Lee Photography's photos on Flickr. Mervyn Lee Photography has uploaded 16337 photos to Flickr.
amusement,http://farm8.staticflickr.com/7427/8724569524_a604d0b797_z.jpg,1,4,Millennium Coaster Explore CoasterMadMatt's photos on Flickr. CoasterMadMatt has uploaded 73325 photos to Flickr.
amusement,http://farm6.staticflickr.com/5533/10665276493_9776f105a3_z.jpg,1,3,G Force Explore CoasterMadMatt's photos on Flickr. CoasterMadMatt has uploaded 73325 photos to Flickr.
amusement,http://farm9.staticflickr.com/8351/8360878669_cf9dc23e61_z.jpg,2,3,San Antonio Texas SeaWorld marine mammal park 4 D movie Lights Camera Imagination with Sesame Street 2012 Bert Big Bird Ernie Oscar the grouch Cookie Monster Count Von Count Elmo Grover  oceanarium Amusement Sea World theater San Antonio Texas SeaWorld marine mammal park 4 D movie Lights Camera Imagination with Sesame Street 2012 Bert Big Bird Ernie Oscar the grouch Cookie Monster Count Von Count Elmo Grover  oceanarium Amusement Sea World theater
amusement,http://farm4.staticflickr.com/3852/14459517404_f8dc02e452_z.jpg,1,4,IMG_9928 Explore CloudBuster's photos on Flickr. CloudBuster has uploaded 2684 photos to Flickr.
amusement,http://farm9.staticflickr.com/8143/7595545366_a6ecc6d9c5_z.jpg,2,3,"e, route fleurie du beaujolais, pays des pierres dores, chatillon sur azergue, chateau, #114, Best of, le Meilleur des Photos-Nature Adely et Yves 2006->2012! Diaporama / Slide Show  ce lien, Plein cran, (F11) full screem reomanded !  www.flickr.com/photos/natureboheme/sets/72157630632393782...   Merci de visionner notre important travail photographique ! Classeur Best of, le Meilleur des Photos-Nature Adely et Yves 2006->2012! Selection of our best photographys 2006->2012 ! Thank you to take an eye on it ! www.flickr.com/photos/natureboheme/collections/7215763007...   Lisez notre manifeste :  (Article paru sur le site des Vgtaliseurs)  Trucs et Astuces !    L'Art et la Manire de donner le got de la Nature et de la Randonne aux enfants.  www.les-vegetaliseurs.com/article-80507-commentdonnerlego...   (Franais, English, Viet nam, Spanish,)  Nous aimons la Vie ! Nous aimons la Nature ! Nous aimons la randonne ! Nous aimons la Lumire ! Nous aimons la Couleur ! Nous pratiquons la Joie de Vivre et la Bonne Humeur! Vive la Nature ! Vive la Vie ! Respectons et Aimons toutes les Formes de Vie !   We love the Life !  We love the Nature !  We love the Nature ! We love hiking ! We love the Light !  We love the Color !  We practice the Joy of Living !  Bravo the Nature ! Respect and Love all the forms of Life !  Live the Life you Love!  Chung toi yeu cuoc song! Chung toi yeu thien nhien ! Chung toi yeu thich di bo duong dai ! Chung toi yeu thich anh sang ! Chung toi yeu thich mau sac !  Chung toi thuc hanh niem vui duoc song ! Hoan ho Thien Nhien ! Hoan ho Cuoc song ! Hay Kinh Trong va Yeu thuong tat ca nhung hinh thuc cua Cuoc Song !   Nos Gusta la vida !  Nos gusta la naturaleza !   Nos gusta la caminata !   Nos gusta la luz !  Nos gusta el color ! Viva la Naturaleza !  Viva la Vida ! Respectomos e amenos todas las formas de vida ! Live the Life you Love!   [Mots Clefs :  ""me d'enfant"" ""bonne humeur""  Good mood  ""fou rire"" laughter ""joie de vivre"" exhilaration ""marche  pied"" walking allgresse  amusements amuser apaisement ardeur balade jaunt  bien-tre well-being bizarre odd  blague joke  bonheur happiness bucolique calme campagnard campagne countryside champtre champs contempler contentement ""coup de cur"" curieux curious distraction divertir divertissement gayer enchantement delightfulness enthousiasme espigle trange strange excursion pleasure trip  extraordinaire extraordinary fe ferie flicit ferveur flnerie force forestier fort forest  gaiet merriment gait guilleret herbages humour humor idyllique inaccoutum insolite unusual inspiration jeux joie, jouer jubilation liesse lyrisme malicieux muse nature observer paix pastoral pturages prairie pdestre ptillant plaire plaisanter plaisanterie posie poetry pote prairies prs prodigieux promenade outing quitude randonne ramble ravissement rcrer regarder  rjouir rigolo rire ritournelle romanesque romantique romantisme romanticism sentier srnit singulier *sourire smile sous-bois undergrowth surprenant  vif vire vitalit zen tamycoladelyves natureboheme clairefontaine yves-Noel-Marie Gonnet-Nguyen ] "
amusement,http://farm8.staticflickr.com/7242/13508899154_6a3ba1136d_z.jpg,2,3,International Acrobatics Festival in Suzhou Amusement Land Explore alexhosuzhou1's photos on Flickr. alexhosuzhou1 has uploaded 70 photos to Flickr.
amusement,http://farm3.staticflickr.com/2894/9584883864_1615e8d1f7_z.jpg,0,5, 
amusement,http://farm8.staticflickr.com/7422/8720781007_54876dabfd_z.jpg,0,5,On the Boomerang Explore CoasterMadMatt's photos on Flickr. CoasterMadMatt has uploaded 73325 photos to Flickr.
amusement,http://farm8.staticflickr.com/7129/7543598620_fa25aab803_z.jpg,1,4,Over Six Flags Explore jasmineyouuu's photos on Flickr. jasmineyouuu has uploaded 151 photos to Flickr.
amusement,http://farm9.staticflickr.com/8454/7886370256_9b14c45b00_z.jpg,2,3,IMG_8210 Explore Greg Hughes' photos on Flickr. Greg Hughes has uploaded 9403 photos to Flickr.
amusement,http://farm8.staticflickr.com/7097/7184679936_9f5d32029f_z.jpg,0,4,DSC_8218.jpg Explore JJ_LR's photos on Flickr. JJ_LR has uploaded 13752 photos to Flickr.
amusement,http://farm9.staticflickr.com/8135/8750854439_cc60764c53_z.jpg,1,4,"Riverview Park Des Moines,Iowa 1970's 1975 or 1976."
amusement,http://farm8.staticflickr.com/7092/7277318414_87aba713b4_z.jpg,0,5,Lightning Racer at Hersheypark Lightning Racer at Hersheypark
amusement,http://farm8.staticflickr.com/7390/10289799156_f2595006d0_z.jpg,1,4,IMGP3573 Explore koichimura's photos on Flickr. koichimura has uploaded 13084 photos to Flickr.
amusement,http://farm6.staticflickr.com/5509/10285712674_5afa54463c_z.jpg,2,3,Kejonuma005 Explore Kosei.S' photos on Flickr. Kosei.S has uploaded 5467 photos to Flickr.
amusement,http://farm8.staticflickr.com/7118/7713990334_c979ea1624_z.jpg,0,5,Amusement parks look great at night! Explore joehendricks' photos on Flickr. joehendricks has uploaded 1369 photos to Flickr.
amusement,http://farm4.staticflickr.com/3900/14227066497_d4841692ce_z.jpg,0,5,iPhoney 019 Explore danimaniacs' photos on Flickr. danimaniacs has uploaded 96650 photos to Flickr.
amusement,http://farm9.staticflickr.com/8461/7896948152_bbbe9b6730_z.jpg,2,3,IMG_0891 Centreville Amusement Park   - Centreville Railroad Station; train arriving
amusement,http://farm9.staticflickr.com/8525/8511260447_205f2fc628_z.jpg,2,3,"Coney Island, Feb 16 - 23 Explore Kelly Hafermann Photography's photos on Flickr. Kelly Hafermann Photography has uploaded 9429 photos to Flickr."
amusement,http://farm4.staticflickr.com/3699/13236348903_dcac2ab47d_z.jpg,0,5,IMG_3774 Explore PortugePunk's photos on Flickr. PortugePunk has uploaded 7740 photos to Flickr.
amusement,http://farm9.staticflickr.com/8324/8134882886_e4dfdac815_z.jpg,1,4,"IMG_2395 Natural World Amusement Park, Yangon"
amusement,http://farm4.staticflickr.com/3739/11012472993_968af92eda_z.jpg,0,5,Storybook Land at Disneyland Explore Matt Hovland - Land of Hov's photos on Flickr. Matt Hovland - Land of Hov has uploaded 2472 photos to Flickr.
amusement,http://farm8.staticflickr.com/7089/7176847019_f577d1fe1a_z.jpg,2,3, 
amusement,http://farm8.staticflickr.com/7082/13789306155_b7d46a7bb5_z.jpg,0,4,"Long Exposure @ amusement park Ferris Wheel at a traveling amusement park in parking lot of multi-plex theatre in Revere, MA, USA  April 11, 2014"
amusement,http://farm9.staticflickr.com/8256/8665851439_7fdcd51432_z.jpg,1,4,"The Smiler Construction (20/4/13): Lowering the Chain for the Lift Hill Work has come along way since my last visit, the Vertical Lift Hill has been built and the chain is being lowered into place"
amusement,http://farm3.staticflickr.com/2895/14070595679_4ff903148c_z.jpg,2,3,DSC08454                                
amusement,http://farm8.staticflickr.com/7450/16478852545_b3d671b395_z.jpg,0,5,DSCN2711           
amusement,http://farm8.staticflickr.com/7106/7471846236_c108870b20_z.jpg,1,4,DSC_2045 Explore johnjmurphyiii's photos on Flickr. johnjmurphyiii has uploaded 189181 photos to Flickr.
amusement,http://farm8.staticflickr.com/7299/8746814351_83b6a80df4_z.jpg,2,3,boardwalk Explore Vic1230's photos on Flickr. Vic1230 has uploaded 17 photos to Flickr.
amusement,http://farm8.staticflickr.com/7129/7836239000_7528ae412f_z.jpg,1,4,Amuse Explore Dave Tamburo's photos on Flickr. Dave Tamburo has uploaded 757 photos to Flickr.
amusement,http://farm4.staticflickr.com/3744/9192706117_79254b2675_z.jpg,1,4,IMG_7156 Explore Lyrinda's photos on Flickr. Lyrinda has uploaded 46012 photos to Flickr.
amusement,http://farm8.staticflickr.com/7440/9588722414_c04534361f_z.jpg,2,3,2013 Royal Adelaide Show setup                                
amusement,http://farm9.staticflickr.com/8425/7767307988_0475a30f0f_z.jpg,0,5,Helicopter ride for kids Explore readontheroad's photos on Flickr. readontheroad has uploaded 1996 photos to Flickr.
amusement,http://farm8.staticflickr.com/7208/6826933010_4a83d82556_z.jpg,1,4,Florida Vacation 2012 194 Explore Liblodgesr's photos on Flickr. Liblodgesr has uploaded 24393 photos to Flickr.
amusement,http://farm9.staticflickr.com/8117/8650633197_30730d4642_z.jpg,0,5,"Robin Hood  Signore di Sherwood Mirabilandia, Ravenna. Mirabilandia 2013. All rights reserved. www.mirabilandia.it"
amusement,http://farm9.staticflickr.com/8265/8699554891_313360fb6a_z.jpg,1,4,Wiener Wellenflieger The vienna wave swinger within the Austrian area of the park
amusement,http://farm9.staticflickr.com/8324/8421642868_da65bb2d03_z.jpg,2,3,"012113-042 Wonderworks Science Center - Celebrity Circle/Boardwalks - Myrtle Beach, South Carolina. Photos from 21 January 2013. - Winter tourist season - Myrtle Beach, South Carolina. USA. (c) 2012 - photo by Leaf McGowan, Technogypsie Productions (www.technogypsie.com/photography/). Purchase rights and/or permissions to use can be obtained at site listed here. To follow the adventure, visit www.technogypsie.com/chronicles/.  To read reviews visit www.technogypsie.com/reviews/."
amusement,http://farm9.staticflickr.com/8306/7816177348_32d5da7daa_z.jpg,0,5,Lynn's Trapeze - The Swings at Luna Park Explore Luna Park Coney Island's photos on Flickr. Luna Park Coney Island has uploaded 3491 photos to Flickr.
amusement,http://farm4.staticflickr.com/3717/11913013795_39d6086423_z.jpg,0,5, 
amusement,http://farm4.staticflickr.com/3774/9727398289_25cb94534b_z.jpg,0,5,Royal Adelaide Show '13                                
amusement,http://farm6.staticflickr.com/5509/9150236431_30eb32fcaa_z.jpg,2,3,amusement 1 Explore See-be-r Photography's photos on Flickr. See-be-r Photography has uploaded 1006 photos to Flickr.
amusement,http://farm6.staticflickr.com/5453/9860450155_590b4f5635_z.jpg,2,3,Swing Explore Carla Thoreau's photos on Flickr. Carla Thoreau has uploaded 26 photos to Flickr.
amusement,http://farm9.staticflickr.com/8235/8480326092_11fd05a6c7_z.jpg,2,3,"Nemesis at Alton Towers, UK Explore CoasterMadMatt's photos on Flickr. CoasterMadMatt has uploaded 73325 photos to Flickr."
amusement,http://farm3.staticflickr.com/2896/14000326901_c02d2f4eec_z.jpg,1,4,"2014 Sydney Royal Easter Show: Jurassic Rollercoaster #1 23.04.2014 - the last day of the 2014 Easter Show - a very large crowd, despite some exhibits starting to close, and be dismantled.  The Sydney Royal Easter Show,  also known as the Royal Easter Show or simply The Show, is an annual show held in Sydney, Australia over two weeks around Easter. It is run by the Royal Agricultural Society of New South Wales and was first held in 1823. Queen Victoria, (18371901), awarded the society and its show the right to use the word ""Royal"" in its name.   The Show is historically an event where ""city meets country"" and the rural industries of Australia can be shown and celebrated once a year.  The Show comprises an agricultural show, an amusement park and a fair and combines the elements of each, showcasing the judging of livestock and produce. This comprehensive fair has many competitions including arts and crafts, photography and cookery, as well as tests of strength and skill such as wood chopping.  The Show also has shopping, restaurants, commercial stands and exhibits, a horticultural display, a national accredited conformation dog show and cat show, and stage and arena shows.  The Show currently attracts over one million people per year.  The Sydney Royal Easter Show is the largest event held in Australia, and the sixth largest in the world.   Wikipedia"
amusement,http://farm9.staticflickr.com/8184/8104324044_c7a680b4a4_z.jpg,0,5,Midway Explore trumpeterny's photos on Flickr. trumpeterny has uploaded 10187 photos to Flickr.
amusement,http://farm6.staticflickr.com/5476/9323620625_982d1e67a5_z.jpg,1,4,Untitled Hanayashiki Amusement Park
amusement,http://farm6.staticflickr.com/5517/10269367544_7c5754e452_z.jpg,1,4,IMGP3698 Explore koichimura's photos on Flickr. koichimura has uploaded 13084 photos to Flickr.
amusement,http://farm8.staticflickr.com/7240/7184152533_8087279a07_z.jpg,0,5,clm492                                
amusement,http://farm9.staticflickr.com/8118/8661372036_a2839dccc3_z.jpg,2,3,Sheikra track Busch Gardens Tampa
amusement,http://farm9.staticflickr.com/8012/7699938194_0b2ed73d9d_z.jpg,0,5,Dorney Park and Wild Water Kingdom Explore Hipster Henry's photos on Flickr. Hipster Henry has uploaded 3462 photos to Flickr.
amusement,http://farm6.staticflickr.com/5523/11973706165_9b9613eea8_z.jpg,1,4,Mr. Ed's Ali Baba In Motion.                                
amusement,http://farm8.staticflickr.com/7371/9759221303_5285b44f32_z.jpg,1,4,Amusement                                
amusement,http://farm4.staticflickr.com/3741/9772911343_fefa5c8cee_z.jpg,1,4,IMG_5226 Explore -1badgmc-'s photos on Flickr. -1badgmc- has uploaded 3478 photos to Flickr.
amusement,http://farm3.staticflickr.com/2860/9279497919_7b6f3859bb_z.jpg,2,3,SAF_0648.jpg Explore invertalon's photos on Flickr. invertalon has uploaded 9725 photos to Flickr.
amusement,http://farm8.staticflickr.com/7112/7745096702_fb7b4cc332_z.jpg,1,4,CalAd 084 Explore danimaniacs' photos on Flickr. danimaniacs has uploaded 96650 photos to Flickr.
amusement,http://farm8.staticflickr.com/7126/13973368851_64099f51e2_z.jpg,0,5,Amusement                                
amusement,http://farm8.staticflickr.com/7335/12972654514_f99d3e4b4b_z.jpg,2,3,Not so PC for a PC Picture shows the effects of a good dram on the law. Picture is for amusement
amusement,http://farm6.staticflickr.com/5492/12542662813_735407e859_z.jpg,2,3,"furyu -Japan Amusement EXPO (JAEPO) 2014 (Makuhari, Chiba, Japan) EOS 60D+Sigma 50mm F1.4 EX DG HSM  * If you have requests or comments, please describe these in photo comment space. "
amusement,http://farm6.staticflickr.com/5487/9232112408_a6b484fe3a_z.jpg,1,4,20130515_195114 Explore SteveLinn15's photos on Flickr. SteveLinn15 has uploaded 7394 photos to Flickr.
amusement,http://farm4.staticflickr.com/3725/9582111465_b62fb859c8_z.jpg,1,4, 
amusement,http://farm8.staticflickr.com/7048/8690468686_279245de80_z.jpg,1,4,6H0A2800-Edit Explore ccb621's photos on Flickr. ccb621 has uploaded 19158 photos to Flickr.
amusement,http://farm4.staticflickr.com/3727/12513133713_6f2cc38853_z.jpg,2,3,Kingdom Falls Amusement Park Historic Explore tmdtheue's photos on Flickr. tmdtheue has uploaded 10297 photos to Flickr.
amusement,http://farm3.staticflickr.com/2924/14333410535_f123afaf65_z.jpg,0,5,5D3_1477.jpg Explore invertalon's photos on Flickr. invertalon has uploaded 9725 photos to Flickr.
amusement,http://farm8.staticflickr.com/7127/13698705714_5bb276f58c_z.jpg,2,3,Despus de la Lluvia Explore linkogecko's photos on Flickr. linkogecko has uploaded 16332 photos to Flickr.
amusement,http://farm6.staticflickr.com/5349/7098057979_1f90ed2a7a_z.jpg,2,3,"Behind The Wheel Sunrise behind the Ferris Wheel in Wildwood, NJ."
amusement,http://farm9.staticflickr.com/8469/8097334323_34b4ffbd80_z.jpg,2,3,Roller coaster Explore artistgal's photos on Flickr. artistgal has uploaded 5245 photos to Flickr.
amusement,http://farm8.staticflickr.com/7427/9768294772_5333d3257f_z.jpg,2,3,2013-09-13 Washington Puyallup State Fair Carnival Ride Jumping-1 One of a series of long exposures of the ride Jumping at the Puyallup State Fair
amusement,http://farm8.staticflickr.com/7459/11266992054_ef030fab95_z.jpg,2,3, 
amusement,http://farm9.staticflickr.com/8067/8244607420_d6730da0af_z.jpg,2,3,DSC_0436 Explore miansoca's photos on Flickr. miansoca has uploaded 16538 photos to Flickr.
amusement,http://farm9.staticflickr.com/8021/7449467300_d349e8913d_z.jpg,1,4,"And....They're Off! at the Wayne County 4-H Fair in Richmond, Indiana."
amusement,http://farm3.staticflickr.com/2917/14047480487_c9fca3fd39_z.jpg,1,3,5D3_0365.jpg Explore invertalon's photos on Flickr. invertalon has uploaded 9725 photos to Flickr.
amusement,http://farm3.staticflickr.com/2855/9282117070_c5272875cb_z.jpg,0,5,IMG_0692.jpg Explore invertalon's photos on Flickr. invertalon has uploaded 9725 photos to Flickr.
amusement,http://farm8.staticflickr.com/7199/6836093294_2e0925766e_z.jpg,0,5,P1011679 Explore Jason512's photos on Flickr. Jason512 has uploaded 1262 photos to Flickr.
amusement,http://farm9.staticflickr.com/8102/8459974104_e5262282ae_z.jpg,2,3,The Station of Steeplechase Explore CoasterMadMatt's photos on Flickr. CoasterMadMatt has uploaded 73325 photos to Flickr.
amusement,http://farm8.staticflickr.com/7112/7548500898_cdcdccaa78_z.jpg,0,5,"bulle de savon gante, le louvre, Ballade Promenade Randonne Sortie Actu Expo Ballad Gone Walk Hike Hiking Ramble Nature Campagne Paysage Superbe Beau Belle Extraordinaire Magnifique Surprenant trange Insolite Ravissant Cute Amazing Stunning Oustanding  #106,  Best of, le Meilleur des Photos-Nature Adely et Yves 2006->2012! Diaporama / Slide Show  ce lien, Plein cran, (F11) full screem reomanded !  www.flickr.com/photos/natureboheme/sets/72157630598845000...   Merci de visionner notre important travail photographique ! Classeur Best of, le Meilleur des Photos-Nature Adely et Yves 2006->2012! Selection of our best photographys 2006->2012 ! Thank you to take an eye on it ! www.flickr.com/photos/natureboheme/collections/7215763007...   Lisez notre manifeste :  (Article paru sur le site des Vgtaliseurs)  Trucs et Astuces !    L'Art et la Manire de donner le got de la Nature et de la Randonne aux enfants.  www.les-vegetaliseurs.com/article-80507-commentdonnerlego...   (Franais, English, Viet nam, Spanish,)  Nous aimons la Vie ! Nous aimons la Nature ! Nous aimons la randonne ! Nous aimons la Lumire ! Nous aimons la Couleur ! Nous pratiquons la Joie de Vivre et la Bonne Humeur! Vive la Nature ! Vive la Vie ! Respectons et Aimons toutes les Formes de Vie !   We love the Life !  We love the Nature !  We love the Nature ! We love hiking ! We love the Light !  We love the Color !  We practice the Joy of Living !  Bravo the Nature ! Respect and Love all the forms of Life !  Live the Life you Love!  Chung toi yeu cuoc song! Chung toi yeu thien nhien ! Chung toi yeu thich di bo duong dai ! Chung toi yeu thich anh sang ! Chung toi yeu thich mau sac !  Chung toi thuc hanh niem vui duoc song ! Hoan ho Thien Nhien ! Hoan ho Cuoc song ! Hay Kinh Trong va Yeu thuong tat ca nhung hinh thuc cua Cuoc Song !   Nos Gusta la vida !  Nos gusta la naturaleza !   Nos gusta la caminata !   Nos gusta la luz !  Nos gusta el color ! Viva la Naturaleza !  Viva la Vida ! Respectomos e amenos todas las formas de vida ! Live the Life you Love!   [Mots Clefs :  ""me d'enfant"" ""bonne humeur""  Good mood  ""fou rire"" laughter ""joie de vivre"" exhilaration ""marche  pied"" walking allgresse  amusements amuser apaisement ardeur balade jaunt  bien-tre well-being bizarre odd  blague joke  bonheur happiness bucolique calme campagnard campagne countryside champtre champs contempler contentement ""coup de cur"" curieux curious distraction divertir divertissement gayer enchantement delightfulness enthousiasme espigle trange strange excursion pleasure trip  extraordinaire extraordinary fe ferie flicit ferveur flnerie force forestier fort forest  gaiet merriment gait guilleret herbages humour humor idyllique inaccoutum insolite unusual inspiration jeux joie, jouer jubilation liesse lyrisme malicieux muse nature observer paix pastoral pturages prairie pdestre ptillant plaire plaisanter plaisanterie posie poetry pote prairies prs prodigieux promenade outing quitude randonne ramble ravissement rcrer regarder  rjouir rigolo rire ritournelle romanesque romantique romantisme romanticism sentier srnit singulier *sourire smile sous-bois undergrowth surprenant  vif vire vitalit zen tamycoladelyves natureboheme clairefontaine yves-Noel-Marie Gonnet-Nguyen ] "
amusement,http://farm8.staticflickr.com/7110/7472049682_14880a4997_z.jpg,1,4,DSC_2206 lc Stitch Explore johnjmurphyiii's photos on Flickr. johnjmurphyiii has uploaded 189181 photos to Flickr.
amusement,http://farm8.staticflickr.com/7018/6752816187_f1e24b06ae_z.jpg,2,3,2012-01-22 Coney Island After the Snow-42.jpg Explore gt8073a's photos on Flickr. gt8073a has uploaded 4198 photos to Flickr.
amusement,http://farm6.staticflickr.com/5466/9990025254_427574c106_z.jpg,1,4,"Jolly Rodger Amusement Park in Ocean City, Maryland Explore m01229's photos on Flickr. m01229 has uploaded 21649 photos to Flickr."
amusement,http://farm6.staticflickr.com/5513/14262468881_0f3863bac1_z.jpg,0,5,"Adrenaline A teenager ""in the zone"" on an amusement ride."
amusement,http://farm6.staticflickr.com/5485/10858489286_279476e9af_z.jpg,1,4, 
amusement,http://farm9.staticflickr.com/8029/8066579920_42fecb7df1_z.jpg,1,4,LW-10033A Explore parkashamusement's photos on Flickr. parkashamusement has uploaded 108 photos to Flickr.
amusement,http://farm8.staticflickr.com/7074/7362089788_880d542db7_z.jpg,1,4, 
amusement,http://farm4.staticflickr.com/3844/14480559933_a021bedb2e_z.jpg,2,3,IMG_9502 Fair 2014 Pentecost
amusement,http://farm9.staticflickr.com/8175/8066581495_4c2c7c434b_z.jpg,0,5,LW-10079B Explore parkashamusement's photos on Flickr. parkashamusement has uploaded 108 photos to Flickr.
amusement,http://farm9.staticflickr.com/8011/7612535488_bb2b350a5e_z.jpg,2,3,"Disneyland (Anaheim, California) - Thursday July 12, 2012 Visit to Disneyland in Anaheim, California on Thursday July 12, 2012.  A wonderful day...even with the rain (though we were told repeatedly that it never rains in Southern California...never...never, ever.  I really love this park."
amusement,http://farm8.staticflickr.com/7340/9560535246_b173104675_z.jpg,1,4,Rock O Plane And Go Gator At Dusk. Explore dccradio's photos on Flickr. dccradio has uploaded 68204 photos to Flickr.
amusement,http://farm8.staticflickr.com/7232/7347809714_8c913feeb1_z.jpg,1,4,Swing - Vienna - Austria Explore SallyNomad's photos on Flickr. SallyNomad has uploaded 164 photos to Flickr.
amusement,http://farm9.staticflickr.com/8154/7176618205_867cd2c303_z.jpg,2,3,"Temple Expiatori del Sagrat Cor and Tibidabo amusement park, Barcelona Explore The Shaun Woods' photos on Flickr. The Shaun Woods has uploaded 1401 photos to Flickr."
amusement,http://farm8.staticflickr.com/7071/7046497691_c020ebb305_z.jpg,0,5,IMG_7946 Explore Coney Island Photo Diary's photos on Flickr. Coney Island Photo Diary has uploaded 9540 photos to Flickr.
amusement,http://farm8.staticflickr.com/7296/9401872403_98ce40051d_z.jpg,1,4,North End Explore tbirdie74's photos on Flickr. tbirdie74 has uploaded 473 photos to Flickr.
amusement,http://farm4.staticflickr.com/3724/12209365455_623f2be1d4_z.jpg,2,3,Daytona Beach Fl New Years Eve 2013
amusement,http://farm4.staticflickr.com/3695/9137647956_2d5acdc215_z.jpg,0,5,Amusement Park Explore Science Museum of MN Youth Programs' photos on Flickr. Science Museum of MN Youth Programs has uploaded 53672 photos to Flickr.
amusement,http://farm9.staticflickr.com/8327/8081528821_757a86d9c7_z.jpg,0,5,Amusements Of America Banzai. Explore dccradio's photos on Flickr. dccradio has uploaded 68204 photos to Flickr.
amusement,http://farm9.staticflickr.com/8048/8374323463_7a5d1321e1_z.jpg,1,4,"Fuji-Q Highland Amusement Park Fuji-Q Highland Amusement Park, Fujiyoshida, Yamanashi, Japan"
amusement,http://farm3.staticflickr.com/2811/11236839846_7ab681e69f_z.jpg,1,4,Six Flags New Orleans Prints available on Etsy.  Copyright info does not appear on the prints
amusement,http://farm9.staticflickr.com/8501/8290630885_928a1bcf61_z.jpg,1,4,"Winter at the amusement park The amusement park Grnalund (www.gronalund.com/en/) in Stockholm cosed for the season, but still contributing to the beautiful view from the heights of Sdermalm. Passing in front of the park is a typical swedish archipelago boat (skrgrdsbt) (reduced to light tracks by the long exposure,, but still...)"
amusement,http://farm3.staticflickr.com/2236/13121735313_5def9e5855_z.jpg,1,4,Phuket Fantasea Explore Holiday Villas' photos on Flickr. Holiday Villas has uploaded 2983 photos to Flickr.
amusement,http://farm4.staticflickr.com/3767/8750261126_2ebdf98f97_z.jpg,2,3,China from Mediterrnia With Furius Baco (the blue one) in the foreground and Shambhala & Dragon Khan in the background
amusement,http://farm8.staticflickr.com/7448/8918925778_c26851dff8_z.jpg,1,4,The Smiler - A Correctional Facility Explore CoasterMadMatt's photos on Flickr. CoasterMadMatt has uploaded 73325 photos to Flickr.
amusement,http://farm9.staticflickr.com/8010/7475128658_9b9fdb5da4_z.jpg,0,5,"#swordswallowing at #lunapark, #toddrobbins Explore Luna Park Coney Island's photos on Flickr. Luna Park Coney Island has uploaded 3491 photos to Flickr."
amusement,http://farm8.staticflickr.com/7186/6807911644_4356bbbd31_z.jpg,0,5,"Legoland, 2005, Alexia Nikolai Water Jets Explore jslenney's photos on Flickr. jslenney has uploaded 1307 photos to Flickr."
amusement,http://farm9.staticflickr.com/8035/7897126744_c058e40081_z.jpg,2,3,IMG_0924 Centreville Amusement Park   - Centreville Railroad Station getting on train
amusement,http://farm9.staticflickr.com/8020/7472491476_9812ec5fa0_z.jpg,2,3,tokyo disneysea                                
amusement,http://farm9.staticflickr.com/8430/7724245062_7c1891c1c3_z.jpg,0,5,"Kids rollercoaster Sulaymaniyah Iraq In the summer the parks of Iraqi Kurdistan are packed with friends and families enjoying a walk, a picnic and the numerous fairground attractions. In the winter though, when it can be close to freezing in the cities, and the action moves indoors to shopping malls and places such as this bowling centre complete with a little childrens fairground."
amusement,http://farm8.staticflickr.com/7418/10011646213_7c9c2378e1_z.jpg,1,4,DSC02124                                
amusement,http://farm9.staticflickr.com/8451/7897954298_dcc2057f2b_z.jpg,1,4,"Top Thrill Dragster Top Thrill Dragster roller coaster at night with the train climbing the tower. Located at Cedar Point Amusement Park in Sandusky, Ohio."
amusement,http://farm8.staticflickr.com/7081/7404268720_be70460d6f_z.jpg,2,3,IMG_9623 The not-so-Jolly Caterpillar has seen better days.
amusement,http://farm3.staticflickr.com/2811/9225061398_10c689dcc6_z.jpg,0,5,IMG_3401_mdwld_st_fair                                
amusement,http://farm3.staticflickr.com/2898/13993487996_5cebcb1de8_z.jpg,2,3,DSC_0728_1349 On opening day of Coney Isalnd amusement park.
amusement,http://farm9.staticflickr.com/8197/8243505433_a2c4d0cb5c_z.jpg,2,3,DSC_0366 Explore miansoca's photos on Flickr. miansoca has uploaded 16538 photos to Flickr.
amusement,http://farm9.staticflickr.com/8420/8704355428_35c23e5a47_z.jpg,2,3,Teddy just arriving at Disneyland Teddy*Herman
amusement,http://farm6.staticflickr.com/5507/9625130006_724a54be3e_z.jpg,1,4,"oc-gwp-alien-1 Ocean City, NJ"
amusement,http://farm6.staticflickr.com/5544/11158932533_75a5d52b43_z.jpg,1,4,. {Blog}  {Stores} {Twitter}
amusement,http://farm4.staticflickr.com/3728/9562207590_ddc4390ea5_z.jpg,0,5,Amusement Arcade (1) ROUND1 
amusement,http://farm3.staticflickr.com/2912/14106509768_e460b2598b_z.jpg,2,3,Pleasure Beach Casino Explore CoasterMadMatt's photos on Flickr. CoasterMadMatt has uploaded 73325 photos to Flickr.
amusement,http://farm9.staticflickr.com/8168/7286971526_2e776112dd_z.jpg,2,3,DSC_1697 Explore jackiae's photos on Flickr. jackiae has uploaded 59114 photos to Flickr.
amusement,http://farm4.staticflickr.com/3668/9601873653_2e9b8e7cae_z.jpg,1,4,Ferris ride. Explore  Jamie Rose 's photos on Flickr.  Jamie Rose  has uploaded 50 photos to Flickr.
amusement,http://farm4.staticflickr.com/3920/14267048307_833f5f3d48_z.jpg,0,5,CHN_5607 Explore Penn State College of Engineering's photos on Flickr. Penn State College of Engineering has uploaded 42404 photos to Flickr.
amusement,http://farm8.staticflickr.com/7436/8725602459_f7e62e5aa7_z.jpg,1,4,The second most famous Mermaid Parade in Coney Island! It's all smiles on the Mermaid Parade in Luna Park!  Join us at Luna Park this weekend for Mother's Day! We're open at noon on Saturday and Sunday for a Mother's day you'll never forget.
amusement,http://farm8.staticflickr.com/7068/6982239107_538b6dee67_z.jpg,1,4,P1011951 Explore Jason512's photos on Flickr. Jason512 has uploaded 1262 photos to Flickr.
amusement,http://farm3.staticflickr.com/2844/11283394335_b1432e5f37_z.jpg,2,3, 
amusement,http://farm8.staticflickr.com/7273/6936099106_025a71e030_z.jpg,1,4,Orient Express dragon head Explore trumpeterny's photos on Flickr. trumpeterny has uploaded 10187 photos to Flickr.
amusement,http://farm3.staticflickr.com/2814/9068346834_8dbe4226fb_z.jpg,2,3,Cedar Point 2013 Vacation Explore josephburkearts' photos on Flickr. josephburkearts has uploaded 15124 photos to Flickr.
amusement,http://farm8.staticflickr.com/7359/10086131214_7bd101f55a_z.jpg,0,5,"The Rocketman Valencia Human Cannonball at the NC Mountain State Fair The Rocketman Valencia, human cannonball Chachi Valencia flying over crowd from NC Mountain State Fair in Fletcher, North Carolina -   2013 David Oppenheimer - Performance Impressions Concert Photography Archives"
amusement,http://farm8.staticflickr.com/7259/7798777084_ab233885e3_z.jpg,1,4,Gravitron In Motion. Explore dccradio's photos on Flickr. dccradio has uploaded 68204 photos to Flickr.
amusement,http://farm6.staticflickr.com/5501/10841360585_35c21e17aa_z.jpg,1,4,Atlanta Fair 2013 Atlanta Fair 2013
amusement,http://farm8.staticflickr.com/7382/9242825028_29829a8580_z.jpg,0,5,DSC00914 Explore SteveLinn15's photos on Flickr. SteveLinn15 has uploaded 7394 photos to Flickr.
amusement,http://farm8.staticflickr.com/7178/6876462631_eaf28fa910_z.jpg,0,5,031 Street Fighter Kids Explore the_Agent's photos on Flickr. the_Agent has uploaded 3031 photos to Flickr.
amusement,http://farm9.staticflickr.com/8028/7560177554_8d49c57629_z.jpg,1,4,KingsDominion2012-154 Explore Mervyn Lee Photography's photos on Flickr. Mervyn Lee Photography has uploaded 16337 photos to Flickr.
amusement,http://farm3.staticflickr.com/2836/12209397985_87ea40e6ee_z.jpg,0,5,Daytona Beach Fl New Years Eve 2013
amusement,http://farm8.staticflickr.com/7122/7556899454_9e21966292_z.jpg,0,5,"Bay Beach Amusement Park | Green Bay, WI www.ci.green-bay.wi.us/BayBeach/index.html"
amusement,http://farm9.staticflickr.com/8024/7296430732_7423f4cd0c_z.jpg,1,4,The Great GoogaMooga Festival 2012 Heart Foodspotting!
amusement,http://farm6.staticflickr.com/5021/14042090723_71bbc3300c_z.jpg,1,4,Most people go to amusement parks with intentions of actually riding the rides but not me of course #sixflags #latergram Explore jaclyn_denardi's photos on Flickr. jaclyn_denardi has uploaded 173 photos to Flickr.
amusement,http://farm3.staticflickr.com/2811/9227747874_62f5b24a0b_z.jpg,1,4,DSCN1774.jpg Explore ~*~ KO ~*~'s photos on Flickr. ~*~ KO ~*~ has uploaded 17259 photos to Flickr.
amusement,http://farm6.staticflickr.com/5157/14047494109_2fee32b4ee_z.jpg,2,3,5D3_0515.jpg Explore invertalon's photos on Flickr. invertalon has uploaded 9725 photos to Flickr.
amusement,http://farm8.staticflickr.com/7313/12725331993_f22fe20fba_z.jpg,0,5,untitled shoot-035.jpg Off season
amusement,http://farm3.staticflickr.com/2861/9584892426_6d203c885e_z.jpg,2,3, 
amusement,http://farm6.staticflickr.com/5450/9883358625_4216d806cd_z.jpg,1,4,Little Bit of HDR? Explore Blut00's photos on Flickr. Blut00 has uploaded 326 photos to Flickr.
amusement,http://farm4.staticflickr.com/3682/12061439804_40ae56981f_z.jpg,1,4,Storybook Land Storybook Land See out review on SaltyOllie.com www.saltyollie.com/activities/storybook-land/
amusement,http://farm8.staticflickr.com/7082/6997224692_15daa12715_z.jpg,2,3,IMG_9802 Explore Coney Island Photo Diary's photos on Flickr. Coney Island Photo Diary has uploaded 9540 photos to Flickr.
amusement,http://farm9.staticflickr.com/8446/7811643820_fc020a6c35_z.jpg,2,3,Dis 020 Explore danimaniacs' photos on Flickr. danimaniacs has uploaded 96650 photos to Flickr.
amusement,http://farm9.staticflickr.com/8009/7472623356_38bf8b482b_z.jpg,1,4,DSC_2513 (3) Explore johnjmurphyiii's photos on Flickr. johnjmurphyiii has uploaded 189181 photos to Flickr.
amusement,http://farm9.staticflickr.com/8474/8382709904_6a01878d0a_z.jpg,0,5,CAL_1711.jpg Explore invertalon's photos on Flickr. invertalon has uploaded 9725 photos to Flickr.
amusement,http://farm8.staticflickr.com/7289/9277201377_41fde195f3_z.jpg,1,4,IMG_6385 Carlsbad 2013!
amusement,http://farm9.staticflickr.com/8210/8173514702_948afc1a8a_z.jpg,1,4,The Widow of the Black Web Explore CoasterMadMatt's photos on Flickr. CoasterMadMatt has uploaded 73325 photos to Flickr.
amusement,http://farm8.staticflickr.com/7448/10144862343_b75d6b4f6a_z.jpg,2,3,"Untitled ""Dream City"" amusement park in Duhok, northern Iraq"
amusement,http://farm9.staticflickr.com/8426/7560178252_d7c28f2309_z.jpg,2,3,KingsDominion2012-155 Explore Mervyn Lee Photography's photos on Flickr. Mervyn Lee Photography has uploaded 16337 photos to Flickr.
amusement,http://farm9.staticflickr.com/8223/8324343714_9273b36e1a_z.jpg,1,4,Amusement Park Explore cheekster's photos on Flickr. cheekster has uploaded 1695 photos to Flickr.
amusement,http://farm8.staticflickr.com/7287/9068946588_84a57291f1_z.jpg,1,4,Cedar Point 2013 Vacation Explore josephburkearts' photos on Flickr. josephburkearts has uploaded 15124 photos to Flickr.
amusement,http://farm9.staticflickr.com/8350/8173579515_c004ce3c48_z.jpg,1,4,Trauma Tower Explore CoasterMadMatt's photos on Flickr. CoasterMadMatt has uploaded 73325 photos to Flickr.
amusement,http://farm8.staticflickr.com/7249/7459103498_f253595800_z.jpg,2,3,LT-227 Explore panerai87's photos on Flickr. panerai87 has uploaded 14488 photos to Flickr.
amusement,http://farm9.staticflickr.com/8603/16271004198_5fe994f4e1_z.jpg,0,5,"Shooting Star Amusements Welcome to Shooting Star Amusements, starring Gail and Gail! Here's a classic shot from the Oak Bay Tea Party on Saturday night."
amusement,http://farm6.staticflickr.com/5493/9730561678_565264096e_z.jpg,1,4,Royal Adelaide Show '13                                
amusement,http://farm8.staticflickr.com/7250/7493318056_bd33e11b4b_z.jpg,1,3,Universal Studies Universal Studies
amusement,http://farm9.staticflickr.com/8333/8144926174_978316e7dc_z.jpg,1,4,"Hurricane Sandy 2012 At the Fun Town Amusement Park in Seaside, N.J., the Ferris wheel  and the Dominator spire still stand. Many of the other rides and diversions, as well as nearby boardwalk shops, show the pounding of wind, waves, sand and debris."
amusement,http://farm9.staticflickr.com/8281/7828318288_7e70110136_z.jpg,2,3,North Texas State Fair Rodeo Denton IMG_0064 Explore David Kozlowski's photos on Flickr. David Kozlowski has uploaded 59249 photos to Flickr.
amusement,http://farm9.staticflickr.com/8122/8604539542_16375008e5_z.jpg,0,5,A Night At The Fair Please Check Out My Facebook Page &  Follow Me On Twitter
amusement,http://farm9.staticflickr.com/8121/8745702129_8052064078_z.jpg,1,4,Roller coaster Explore KsCattails' photos on Flickr. KsCattails has uploaded 2424 photos to Flickr.
amusement,http://farm8.staticflickr.com/7238/7164748789_61043f33c0_z.jpg,2,3,"Rock O Plane, Goldfish Game And Berry Go Round. Explore dccradio's photos on Flickr. dccradio has uploaded 68204 photos to Flickr."
amusement,http://farm9.staticflickr.com/8004/7277759924_950525d7b1_z.jpg,2,3,040612p-Hili Fun City (43) Explore miniviews' photos on Flickr. miniviews has uploaded 29797 photos to Flickr.
amusement,http://farm9.staticflickr.com/8188/8083428161_2770769643_z.jpg,2,3,Amusements Of America Giant Wheel And Dizzy Dragons. Explore dccradio's photos on Flickr. dccradio has uploaded 68204 photos to Flickr.
amusement,http://farm6.staticflickr.com/5490/10833728433_fe17250550_z.jpg,2,3,"Submission, Alton Towers, GB Taken with a 8 second exposure in the middle of the day, it created an interesting ghost effect"
amusement,http://farm8.staticflickr.com/7374/10106623226_17ff66d260_z.jpg,2,3,Seattle Great Wheel on Pier 57 at Night - Seattle WA Seattle Great Wheel on Pier 57 at Night - Seattle WA
amusement,http://farm8.staticflickr.com/7214/7286976122_dce484f8eb_z.jpg,0,5,DSC_1719 Explore jackiae's photos on Flickr. jackiae has uploaded 59114 photos to Flickr.
amusement,http://farm6.staticflickr.com/5461/8791478639_a84d2b2c5c_z.jpg,0,5,FunderlandTheDocks Pan of Funderland in Galway. 
amusement,http://farm3.staticflickr.com/2915/14344239496_47aa882224_z.jpg,0,5,"Abandoned Park (10 of 27)a This is an abandoned amusement park for children in San Juan, PR. Complete with playground, tram system and amphitheater. A very creepy, awesome place to practice some photography.  Punto Verde, San Juan, Puerto Rico"
amusement,http://farm9.staticflickr.com/8317/7924917954_78659e7ff4_z.jpg,1,4,Minnesota State Fair 090212 Minnesota State Fair 2012
amusement,http://farm9.staticflickr.com/8205/8257430926_f1a7fbc2fe_z.jpg,0,5,Untitled Explore FOTOGRAFIA.Nelo.Esteves' photos on Flickr. FOTOGRAFIA.Nelo.Esteves has uploaded 35835 photos to Flickr.
amusement,http://farm8.staticflickr.com/7182/6931365404_58d5cb0dd9_z.jpg,1,4,Giraffe Kiss To My Amusement Explore weaselfactory's photos on Flickr. weaselfactory has uploaded 3028 photos to Flickr.
amusement,http://farm4.staticflickr.com/3699/9132230996_83867c4437_z.jpg,1,4,NYC_Dumbo_horse Explore chiang_benjamin's photos on Flickr. chiang_benjamin has uploaded 27395 photos to Flickr.
amusement,http://farm8.staticflickr.com/7371/9243946011_01b4c933cb_z.jpg,0,5,Luna Park Carousel (c) Explore Louis^'s photos on Flickr. Louis^ has uploaded 405 photos to Flickr.
amusement,http://farm4.staticflickr.com/3670/11555585073_0a526a3247_z.jpg,0,5,Amusement park VII Explore Rui G Ramos' photos on Flickr. Rui G Ramos has uploaded 730 photos to Flickr.
amusement,http://farm9.staticflickr.com/8407/8699409835_3362750838_z.jpg,2,3,EP Express: Poseidon's Last Drop The final drop of Poseidon water coaster
amusement,http://farm9.staticflickr.com/8091/8570084924_92fb07b045_z.jpg,1,4,Loop Reflections Explore CoasterMadMatt's photos on Flickr. CoasterMadMatt has uploaded 73325 photos to Flickr.
